<contents>
    <value name="comments">Search Selector</value>
    <template>generator/data/parts/basic_include.xmltemplate</template>
    <value name="includes_name">skinvariables-searchmenu-selector</value>
    <value name="includes_part">
        <items menu="searchmenu">
            <item>
                <template>generator/data/parts/search_item.xmltemplate</template>
                <condition>{item_path}!=</condition>
                <condition>{item_disabled}!=True</condition>
                <value name="widget_id">$MATH[5000 + {item_x} + 1]</value>
            </item>
        </items>
    </value>
</contents>
