<?xml version="1.0" encoding="UTF-8"?>
<window type="dialog" id="1154">
    <defaultcontrol always="true">8000</defaultcontrol>
    <controls>

        <control type="group">
            <include>Dimension_DialogSideMenu</include>
            <include>Animation_Right_Delay</include>
            <include content="Dialog_Dim_Side">
                <param name="slide_condition">true</param>
            </include>

            <!-- Bottom Layer -->
            <include content="Dialog_Background_Side">
                <param name="slide_condition">true</param>
                <param name="dialog_size">Dimension_DialogSideMenu</param>
                <!-- Side Buttons -->
                <control type="group">
                    <include>Dimension_Dialog_Body</include>
                    <control type="grouplist" id="9000">
                        <include>Dialog_Side_Grouplist_Def</include>
                        <onright>8000</onright>
                        <onleft>Close</onleft>
                        <include content="Dialog_Side_Button">
                            <param name="id">02</param>
                            <param name="label">$LOCALIZE[192]</param>
                            <param name="icon">special://skin/extras/icons/triangle-exclamation.png</param>
                            <onclick condition="String.IsEmpty(Window(1105).Property(SearchDiscover.CrewSearch))">ClearProperty(SearchDiscover.CastLabel,1105)</onclick>
                            <onclick condition="String.IsEmpty(Window(1105).Property(SearchDiscover.CrewSearch))">ClearProperty(SearchDiscover.CastID,1105)</onclick>
                            <onclick condition="!String.IsEmpty(Window(1105).Property(SearchDiscover.CrewSearch))">ClearProperty(SearchDiscover.CrewLabel,1105)</onclick>
                            <onclick condition="!String.IsEmpty(Window(1105).Property(SearchDiscover.CrewSearch))">ClearProperty(SearchDiscover.CrewID,1105)</onclick>
                            <onclick>Close</onclick>
                        </include>
                    </control>
                </control>
            </include>

            <include content="Dialog_Foreground_Side">
                <param name="dialog_size">Dimension_DialogSideMenu</param>
                <param name="lines_right">0</param>
                <param name="topline">true</param>
                <param name="subline">true</param>

                <!-- Header -->
                <include content="Dialog_Head">
                    <param name="label">$LOCALIZE[31048]</param>
                </include>
                <include>Dialog_Head_CloseButton</include>

                <!-- Content -->
                <control type="group">
                    <include>Dimension_Dialog_Body</include>
                    <include content="List_DialogSelect">
                        <param name="id">8000</param>
                        <param name="misc">[String.IsEqual(Window(1105).Property(SearchDiscover.SortLabel),ListItem.Label)]</param>
                        <include>Dimension_Dialog_Body_Group</include>
                        <pagecontrol>61</pagecontrol>
                        <onright>61</onright>
                        <onleft>9000</onleft>
                        <content>
                            <item>
                                <label>$LOCALIZE[31047]</label>
                                <onclick>SetProperty(SearchDiscover.SortLabel,$LOCALIZE[31047],1105)</onclick>
                                <onclick>SetProperty(SearchDiscover.FilmSort,popularity.desc,1105)</onclick>
                                <onclick>SetProperty(SearchDiscover.ShowSort,popularity.desc,1105)</onclick>
                                <onclick>Close</onclick>
                            </item>
                            <item>
                                <label>$LOCALIZE[31264]</label>
                                <onclick>SetProperty(SearchDiscover.SortLabel,$LOCALIZE[31264],1105)</onclick>
                                <onclick>SetProperty(SearchDiscover.FilmSort,revenue.desc,1105)</onclick>
                                <onclick>SetProperty(SearchDiscover.ShowSort,revenue.desc,1105)</onclick>
                                <onclick>Close</onclick>
                            </item>
                            <item>
                                <label>$LOCALIZE[563]</label>
                                <onclick>SetProperty(SearchDiscover.SortLabel,$LOCALIZE[563],1105)</onclick>
                                <onclick>SetProperty(SearchDiscover.FilmSort,vote_average.desc,1105)</onclick>
                                <onclick>SetProperty(SearchDiscover.ShowSort,vote_average.desc,1105)</onclick>
                                <onclick>Close</onclick>
                            </item>
                            <item>
                                <label>$LOCALIZE[205]</label>
                                <onclick>SetProperty(SearchDiscover.SortLabel,$LOCALIZE[205],1105)</onclick>
                                <onclick>SetProperty(SearchDiscover.FilmSort,vote_count.desc,1105)</onclick>
                                <onclick>SetProperty(SearchDiscover.ShowSort,vote_count.desc,1105)</onclick>
                                <onclick>Close</onclick>
                            </item>
                        </content>
                    </include>
                    <include content="Dialog_Scrollbar">
                        <param name="id">61</param>
                        <onleft>8000</onleft>
                        <onright>9000</onright>
                    </include>
                </control>
            </include>

        </control>

    </controls>
</window>