{
    "infolabels": {
        "picture_path": "Container(99972).ListItem.PicturePath",
        "previous_path": "Window(Home).Property(TMDbHelper.Blur.Fallback)",
        "background_image": "Skin.String(Background.Image)"
    },
    "values": {
        "blur_image": [
            {
                "rules": ["{picture_path}!="],
                "value": "{picture_path}"
            },
            {
                "rules": ["{previous_path}!="],
                "value": "{previous_path}"
            },
            {
                "rules": ["{background_image}!="],
                "value": "{background_image}"
            },
            "special://skin/extras/backgrounds/blur/purple_blur.jpg"
        ]
    },
    "actions": [
        "SetProperty(TMDbHelper.Blur.Fallback,{blur_image},Home)"
    ]
}