<?xml version="1.0" encoding="UTF-8"?>
<window type="window" id="1190">
    <controls>

        <include>Background_Main</include>

        <control type="group">
            <visible>!$EXP[Exp_InfoDialogs]</visible>

            <include content="DialogInfo_ButtonGroup">
                <param name="include">Items_DialogVideoInfo_MenuBar</param>
            </include>

            <include content="Furniture_Busy">
                <param name="hasspinner">true</param>
                <param name="spinspinner">true</param>
                <param name="icon">special://skin/extras/icons/kodi.png</param>
                <param name="hasbackground">Skin.HasSetting(ToastNotifications.Tabbed)</param>
                <param name="haslabel">Skin.HasSetting(ToastNotifications.Tabbed)</param>
                <param name="spinnervisible">Skin.HasSetting(ToastNotifications.Tabbed) | [!Window.IsActive(DialogVolumeBar.xml) | Player.Muted]</param>
                <param name="visible">[!Skin.HasSetting(ToastNotifications.Tabbed) | [!Window.IsActive(DialogVolumeBar.xml) | Player.Muted]] + !Window.IsVisible(DialogBusy.xml)</param>
            </include>

            <include>Furniture_Top</include>
            <include>Furniture_Bottom</include>
        </control>

        <control type="group">
            <visible>!$EXP[Exp_InfoDialogs]</visible>
            <include>Animation_Transition_InfoPanel_Hide</include>
            <include content="Widget_Busy">
                <param name="label">$LOCALIZE[19033]</param>
                <param name="visible">True</param>
                <left>view_side</left>
                <top>hub_recommendations_widgets_grouplist_t</top>
            </include>
            <include content="Info_Viewline">
                <param name="label">$LOCALIZE[31324]</param>
            </include>
            <include content="Info_Panel">
                <top>view_top</top>
                <width>info_panel_w</width>
                <left>view_side</left>
            </include>
        </control>

    </controls>
</window>