<?xml version="1.0" encoding="UTF-8"?>
<window type="window" id="1106">
    <include>Action_Blur_Onload</include>
    <include content="Action_Hubs_Onload">
        <param name="window_id">1106</param>
    </include>
    <controls>
        <include content="Hub_Controls">
            <param name="window_id">1106</param>
            <param name="widgets_only">Skin.HasSetting(Hub.1106.DisableSubmenu)</param>
            <param name="widgets_include">skinvariables-1106menu-widgetsonly</param>
            <param name="categories">1106menu</param>
        </include>
    </controls>
</window>