<?xml version="1.0" encoding="utf-8"?>
<window>
    <defaultcontrol always="true">8000</defaultcontrol>
    <controls>

        <control type="group">
            <include>Dimension_DialogSideMenu</include>
            <include>Animation_Right_Delay</include>
            <include content="Dialog_Dim_Side">
                <param name="slide_animation">false</param>
            </include>

            <include content="Dialog_Foreground_Side">
                <param name="dialog_size">Dimension_DialogSideMenu</param>
                <param name="lines_right">0</param>
                <param name="topline">true</param>
                <param name="subline">true</param>

                <!-- Header -->
                <include content="Dialog_Head">
                    <param name="id">2</param>
                    <param name="label">$LOCALIZE[31335]</param>
                </include>
                <include>Dialog_Head_CloseButton</include>

                <!-- Content -->
                <control type="group">
                    <include>Dimension_Dialog_Body</include>
                    <control type="group">
                        <include>Dimension_Dialog_Body_Group</include>
                        <include content="List_DialogSelect">
                            <param name="id">8000</param>
                            <param name="textcolor">dialog_fg</param>
                            <param name="detailed">True</param>
                            <param name="item_height">100</param>
                            <onleft>Close</onleft>
                            <content>
                                <item>
                                    <description>Pause / Resume button</description>
                                    <label>$LOCALIZE[35224]</label>
                                    <label2>$LOCALIZE[31336]</label2>
                                    <icon>special://skin/extras/icons/play2.png</icon>
                                    <onclick>Play</onclick>
                                </item>
                                <item>
                                    <description>Save / Load button</description>
                                    <label>$LOCALIZE[35249]</label>
                                    <icon>special://skin/extras/icons/floppy-disk.png</icon>
                                    <onclick>ActivateWindow(InGameSaves)</onclick>
                                </item>
                                <item>
                                    <description>Reset button</description>
                                    <label>$LOCALIZE[13007]</label>
                                    <icon>special://skin/extras/icons/rotate.png</icon>
                                    <onclick>PlayerControl(Reset)</onclick>
                                </item>
                                <item>
                                    <description>Stop button</description>
                                    <label>$LOCALIZE[35222]</label>
                                    <label2>$LOCALIZE[31337]</label2>
                                    <icon>special://skin/extras/icons/stop.png</icon>
                                    <onclick>Stop</onclick>
                                </item>
                                <item>
                                    <description>Settings button</description>
                                    <label>$LOCALIZE[5]</label>
                                    <icon>special://skin/extras/icons/settings.png</icon>
                                    <onclick>SetProperty(CustomDialogSettingsTitle,[CAPITALIZE]$LOCALIZE[5][/CAPITALIZE],Home)</onclick>
                                    <onclick>SetProperty(CustomDialogSettingsItems,Items_Settings_GameOptions,Home)</onclick>
                                    <onclick>ActivateWindow(1118)</onclick>
                                </item>
                            </content>
                        </include>
                    </control>
                </control>
            </include>

        </control>

    </controls>
</window>
