<?xml version="1.0" encoding="UTF-8"?>
<window>
    <include>View_MediaWindows_ID</include>
    <defaultcontrol always="true">50</defaultcontrol>
    <menucontrol>303</menucontrol>
    <include>Action_Blur_Onload</include>
    <include>Action_Media_Onload</include>
    <controls>

        <include>Defs_TMDbHelper_Loader</include>
        <include>View_Main</include>

        <include content="Object_Hidden_List">
            <param name="id">9901</param>
            <content>plugin://script.skinvariables/?info=get_dbitem_movie_details&amp;dbid=$INFO[ListItem.DBID]&amp;reload=$INFO[ListItem.Title]</content>
        </include>
    </controls>
</window>
