<?xml version="1.0" ?>
<includes>
    <!-- Standard Widgets -->
    <include name="skinvariables-homemenu-widgets">
        <!-- Widget Group -->
        <include content="Hub_Menu_Group">
            <include content="Hub_Widgets_Grouplist">
                <param name="id">400</param>
                <param name="bumperid">401</param>
                <param name="furnitureid">499</param>
                <param name="widgets_only">Skin.HasSetting(Hub.Home.DisableSubmenu)</param>
                <param name="endrow_selector">Skin.HasSetting(Hub.Home.WidgetSelector)</param>
                <param name="endrow_selector_id">419</param>
                <param name="window_id">Home</param>
                <param name="visible">True</param>
                <!-- Sidemenu Widgets for homemenu 0 Home -->
                <include content="Widget_Row" condition="True">
                    <param name="id">100601</param>
                    <param name="groupid">100701</param>
                    <param name="label">Continue Watching</param>
                    <param name="usewidgetlabel">True</param>
                    <param name="include">List_Landscape_Row</param>
                    <param name="transition_include">true</param>
                    <param name="transition_hidden">Control.HasFocus(100601)</param>
                    <param name="grouplistid">400</param>
                    <param name="refocus">$VAR[Action_Hubs_Menu_SetFocus]</param>
                    <param name="detailed">False</param>
                    <param name="visible">[String.IsEqual(Container(303).ListItem.Property(guid),guid-add12e73) | [Skin.HasSetting(Hub.Home.DisableSubmenu) + !Skin.HasSetting(Hub.Home.WidgetSelector) + !Skin.HasSetting(Hub.Home.DisableMoveBetweenGroups)]] + [True] + String.IsEmpty(Window.Property(Widgets.ResetPosition))</param>
                    <param name="altvisible">False</param>
                    <param name="busy_isupdating">True</param>
                    <param name="shortstack_enabled">False</param>
                    <param name="shortstack_id">100801</param>
                    <param name="shortstack_visible">[Control.IsVisible(100602) | Control.IsVisible(100603) | Control.IsVisible(100604)]</param>
                    <param name="widgetfade_include">!Skin.HasSetting(Hub.Home.WidgetSelector)</param>
                    <description/>
                    <content sortby="" sortorder="ascending" target="videos" limit="" browse="$VAR[Defs_BrowseLimitedLists]">plugin://script.skinvariables/?info=get_params_file&amp;path=special://profile/addon_data/script.skinvariables/nodes/dynamic/Continue Watching.json</content>
                    <include content="Defs_AutoScroll" condition="False">
                        <param name="condition">[!Control.HasFocus(100601) | System.IdleTime(3)]</param>
                    </include>
                    <include content="Action_View_Movement_OnLeft">
                        <param name="id">100601</param>
                    </include>
                    <include content="Action_View_Movement_OnRight">
                        <param name="id">100601</param>
                    </include>
                    <onfocus>SetProperty(SideMenu.CurrentGUID,guid-add12e73,Home)</onfocus>
                    <onfocus>SetProperty(SideMenu.CurrentName,Home,Home)</onfocus>
                    <onfocus>SetProperty(SideMenu.CurrentItem,0,Home)</onfocus>
                </include>
                <include content="Widget_Row" condition="True">
                    <param name="id">100602</param>
                    <param name="groupid">100702</param>
                    <param name="label">Next Episodes</param>
                    <param name="usewidgetlabel">True</param>
                    <param name="include">List_Landscape_Row</param>
                    <param name="transition_include">true</param>
                    <param name="transition_hidden">Control.HasFocus(100602)</param>
                    <param name="grouplistid">400</param>
                    <param name="refocus">$VAR[Action_Hubs_Menu_SetFocus]</param>
                    <param name="detailed">False</param>
                    <param name="visible">[String.IsEqual(Container(303).ListItem.Property(guid),guid-add12e73) | [Skin.HasSetting(Hub.Home.DisableSubmenu) + !Skin.HasSetting(Hub.Home.WidgetSelector) + !Skin.HasSetting(Hub.Home.DisableMoveBetweenGroups)]] + [True] + String.IsEmpty(Window.Property(Widgets.ResetPosition))</param>
                    <param name="altvisible">False</param>
                    <param name="busy_isupdating">True</param>
                    <param name="shortstack_enabled">False</param>
                    <param name="shortstack_id">100802</param>
                    <param name="shortstack_visible">[Control.IsVisible(100603) | Control.IsVisible(100604) | Control.IsVisible(100605)]</param>
                    <param name="widgetfade_include">!Skin.HasSetting(Hub.Home.WidgetSelector)</param>
                    <description/>
                    <content sortby="" sortorder="ascending" target="videos" limit="" browse="$VAR[Defs_BrowseLimitedLists]">plugin://script.skinvariables/?info=get_params_file&amp;path=special://profile/addon_data/script.skinvariables/nodes/dynamic/Next Episodes.json</content>
                    <include content="Defs_AutoScroll" condition="False">
                        <param name="condition">[!Control.HasFocus(100602) | System.IdleTime(3)]</param>
                    </include>
                    <include content="Action_View_Movement_OnLeft">
                        <param name="id">100602</param>
                    </include>
                    <include content="Action_View_Movement_OnRight">
                        <param name="id">100602</param>
                    </include>
                    <onfocus>SetProperty(SideMenu.CurrentGUID,guid-add12e73,Home)</onfocus>
                    <onfocus>SetProperty(SideMenu.CurrentName,Home,Home)</onfocus>
                    <onfocus>SetProperty(SideMenu.CurrentItem,0,Home)</onfocus>
                </include>
                <include content="Widget_Row" condition="True">
                    <param name="id">100603</param>
                    <param name="groupid">100703</param>
                    <param name="label">Watchlist</param>
                    <param name="usewidgetlabel">True</param>
                    <param name="include">List_Landscape_Row</param>
                    <param name="transition_include">true</param>
                    <param name="transition_hidden">Control.HasFocus(100603)</param>
                    <param name="grouplistid">400</param>
                    <param name="refocus">$VAR[Action_Hubs_Menu_SetFocus]</param>
                    <param name="detailed">False</param>
                    <param name="visible">[String.IsEqual(Container(303).ListItem.Property(guid),guid-add12e73) | [Skin.HasSetting(Hub.Home.DisableSubmenu) + !Skin.HasSetting(Hub.Home.WidgetSelector) + !Skin.HasSetting(Hub.Home.DisableMoveBetweenGroups)]] + [True] + String.IsEmpty(Window.Property(Widgets.ResetPosition))</param>
                    <param name="altvisible">False</param>
                    <param name="busy_isupdating">True</param>
                    <param name="shortstack_enabled">False</param>
                    <param name="shortstack_id">100803</param>
                    <param name="shortstack_visible">[Control.IsVisible(100604) | Control.IsVisible(100605) | Control.IsVisible(100606)]</param>
                    <param name="widgetfade_include">!Skin.HasSetting(Hub.Home.WidgetSelector)</param>
                    <description/>
                    <content sortby="default" sortorder="ascending" target="videos" limit="" browse="$VAR[Defs_BrowseLimitedLists]">plugin://script.skinvariables/?info=get_params_file&amp;path=special://profile/addon_data/script.skinvariables/nodes/dynamic/Watchlist.json</content>
                    <include content="Defs_AutoScroll" condition="False">
                        <param name="condition">[!Control.HasFocus(100603) | System.IdleTime(3)]</param>
                    </include>
                    <include content="Action_View_Movement_OnLeft">
                        <param name="id">100603</param>
                    </include>
                    <include content="Action_View_Movement_OnRight">
                        <param name="id">100603</param>
                    </include>
                    <onfocus>SetProperty(SideMenu.CurrentGUID,guid-add12e73,Home)</onfocus>
                    <onfocus>SetProperty(SideMenu.CurrentName,Home,Home)</onfocus>
                    <onfocus>SetProperty(SideMenu.CurrentItem,0,Home)</onfocus>
                </include>
                <!-- Sidemenu Widgets for homemenu 1 $LOCALIZE[20342] -->
                <include content="Widget_Row" condition="True">
                    <param name="id">101601</param>
                    <param name="groupid">101701</param>
                    <param name="label">Trending Movies</param>
                    <param name="usewidgetlabel">False</param>
                    <param name="include">List_Landscape_Row</param>
                    <param name="transition_include">true</param>
                    <param name="transition_hidden">Control.HasFocus(101601)</param>
                    <param name="grouplistid">400</param>
                    <param name="refocus">$VAR[Action_Hubs_Menu_SetFocus]</param>
                    <param name="detailed">False</param>
                    <param name="visible">[String.IsEqual(Container(303).ListItem.Property(guid),guid-488ad32f) | [Skin.HasSetting(Hub.Home.DisableSubmenu) + !Skin.HasSetting(Hub.Home.WidgetSelector) + !Skin.HasSetting(Hub.Home.DisableMoveBetweenGroups)]] + [True] + String.IsEmpty(Window.Property(Widgets.ResetPosition))</param>
                    <param name="altvisible">False</param>
                    <param name="busy_isupdating">True</param>
                    <param name="shortstack_enabled">False</param>
                    <param name="shortstack_id">101801</param>
                    <param name="shortstack_visible">[Control.IsVisible(101602) | Control.IsVisible(101603) | Control.IsVisible(101604)]</param>
                    <param name="widgetfade_include">!Skin.HasSetting(Hub.Home.WidgetSelector)</param>
                    <description/>
                    <content sortby="" sortorder="ascending" target="videos" limit="" browse="$VAR[Defs_BrowseLimitedLists]">plugin://plugin.video.themoviedb.helper/?info=trending_day&amp;tmdb_type=movie&amp;widget=true&amp;reload=$INFO[Window(Home).Property(TMDbHelper.Widgets.Reload)]&amp;reload=$INFO[Window(Home).Property(TMDbHelper.Widgets.Reload)]</content>
                    <include content="Defs_AutoScroll" condition="False">
                        <param name="condition">[!Control.HasFocus(101601) | System.IdleTime(3)]</param>
                    </include>
                    <include content="Action_View_Movement_OnLeft">
                        <param name="id">101601</param>
                    </include>
                    <include content="Action_View_Movement_OnRight">
                        <param name="id">101601</param>
                    </include>
                    <onfocus>SetProperty(SideMenu.CurrentGUID,guid-488ad32f,Home)</onfocus>
                    <onfocus>SetProperty(SideMenu.CurrentName,$LOCALIZE[20342],Home)</onfocus>
                    <onfocus>SetProperty(SideMenu.CurrentItem,1,Home)</onfocus>
                </include>
                <include content="Widget_Row" condition="True">
                    <param name="id">101602</param>
                    <param name="groupid">101702</param>
                    <param name="label">Recently Watched Movies</param>
                    <param name="usewidgetlabel">False</param>
                    <param name="include">List_Landscape_Row</param>
                    <param name="transition_include">true</param>
                    <param name="transition_hidden">Control.HasFocus(101602)</param>
                    <param name="grouplistid">400</param>
                    <param name="refocus">$VAR[Action_Hubs_Menu_SetFocus]</param>
                    <param name="detailed">False</param>
                    <param name="visible">[String.IsEqual(Container(303).ListItem.Property(guid),guid-488ad32f) | [Skin.HasSetting(Hub.Home.DisableSubmenu) + !Skin.HasSetting(Hub.Home.WidgetSelector) + !Skin.HasSetting(Hub.Home.DisableMoveBetweenGroups)]] + [True] + String.IsEmpty(Window.Property(Widgets.ResetPosition))</param>
                    <param name="altvisible">False</param>
                    <param name="busy_isupdating">True</param>
                    <param name="shortstack_enabled">False</param>
                    <param name="shortstack_id">101802</param>
                    <param name="shortstack_visible">[Control.IsVisible(101603) | Control.IsVisible(101604) | Control.IsVisible(101605)]</param>
                    <param name="widgetfade_include">!Skin.HasSetting(Hub.Home.WidgetSelector)</param>
                    <description/>
                    <content sortby="" sortorder="ascending" target="videos" limit="" browse="$VAR[Defs_BrowseLimitedLists]">plugin://plugin.video.fenlight/?name=Recently+Watched&amp;iconImage=https%3A%2F%2Fi.imgur.com%2FSacesHf.png&amp;mode=build_movie_list&amp;action=recent_watched_movies</content>
                    <include content="Defs_AutoScroll" condition="False">
                        <param name="condition">[!Control.HasFocus(101602) | System.IdleTime(3)]</param>
                    </include>
                    <include content="Action_View_Movement_OnLeft">
                        <param name="id">101602</param>
                    </include>
                    <include content="Action_View_Movement_OnRight">
                        <param name="id">101602</param>
                    </include>
                    <onfocus>SetProperty(SideMenu.CurrentGUID,guid-488ad32f,Home)</onfocus>
                    <onfocus>SetProperty(SideMenu.CurrentName,$LOCALIZE[20342],Home)</onfocus>
                    <onfocus>SetProperty(SideMenu.CurrentItem,1,Home)</onfocus>
                </include>
                <include content="Widget_Row" condition="True">
                    <param name="id">101603</param>
                    <param name="groupid">101703</param>
                    <param name="label">$LOCALIZE[31018]$INFO[Window.Property(WidgetMeta.101602.Title), (,)]</param>
                    <param name="usewidgetlabel">False</param>
                    <param name="include">List_Landscape_Row</param>
                    <param name="transition_include">true</param>
                    <param name="transition_hidden">Control.HasFocus(101603)</param>
                    <param name="grouplistid">400</param>
                    <param name="refocus">$VAR[Action_Hubs_Menu_SetFocus]</param>
                    <param name="detailed">False</param>
                    <param name="visible">[String.IsEqual(Container(303).ListItem.Property(guid),guid-488ad32f) | [Skin.HasSetting(Hub.Home.DisableSubmenu) + !Skin.HasSetting(Hub.Home.WidgetSelector) + !Skin.HasSetting(Hub.Home.DisableMoveBetweenGroups)]] + [Control.IsVisible(101602)] + String.IsEmpty(Window.Property(Widgets.ResetPosition))</param>
                    <param name="altvisible">Control.HasFocus(101602)</param>
                    <param name="busy_isupdating">True</param>
                    <param name="shortstack_enabled">False</param>
                    <param name="shortstack_id">101803</param>
                    <param name="shortstack_visible">[Control.IsVisible(101604) | Control.IsVisible(101605) | Control.IsVisible(101606)]</param>
                    <param name="widgetfade_include">!Skin.HasSetting(Hub.Home.WidgetSelector)</param>
                    <description/>
                    <content sortby="rating" sortorder="descending" target="videos" limit="" browse="$VAR[Defs_BrowseLimitedLists]">plugin://plugin.video.themoviedb.helper/?info=recommendations&amp;tmdb_type=movie&amp;query=$INFO[Window.Property(WidgetMeta.101602.Title)]$VAR[Path_Param_Widget]</content>
                    <include content="Defs_AutoScroll" condition="False">
                        <param name="condition">[!Control.HasFocus(101603) | System.IdleTime(3)]</param>
                    </include>
                    <include content="Action_View_Movement_OnLeft">
                        <param name="id">101603</param>
                    </include>
                    <include content="Action_View_Movement_OnRight">
                        <param name="id">101603</param>
                    </include>
                    <onfocus>SetProperty(SideMenu.CurrentGUID,guid-488ad32f,Home)</onfocus>
                    <onfocus>SetProperty(SideMenu.CurrentName,$LOCALIZE[20342],Home)</onfocus>
                    <onfocus>SetProperty(SideMenu.CurrentItem,1,Home)</onfocus>
                </include>
                <include content="Widget_Row" condition="True">
                    <param name="id">101604</param>
                    <param name="groupid">101704</param>
                    <param name="label">Recommended Movies</param>
                    <param name="usewidgetlabel">True</param>
                    <param name="include">List_Landscape_Row</param>
                    <param name="transition_include">true</param>
                    <param name="transition_hidden">Control.HasFocus(101604)</param>
                    <param name="grouplistid">400</param>
                    <param name="refocus">$VAR[Action_Hubs_Menu_SetFocus]</param>
                    <param name="detailed">False</param>
                    <param name="visible">[String.IsEqual(Container(303).ListItem.Property(guid),guid-488ad32f) | [Skin.HasSetting(Hub.Home.DisableSubmenu) + !Skin.HasSetting(Hub.Home.WidgetSelector) + !Skin.HasSetting(Hub.Home.DisableMoveBetweenGroups)]] + [True] + String.IsEmpty(Window.Property(Widgets.ResetPosition))</param>
                    <param name="altvisible">False</param>
                    <param name="busy_isupdating">True</param>
                    <param name="shortstack_enabled">False</param>
                    <param name="shortstack_id">101804</param>
                    <param name="shortstack_visible">[Control.IsVisible(101605) | Control.IsVisible(101606) | Control.IsVisible(101607)]</param>
                    <param name="widgetfade_include">!Skin.HasSetting(Hub.Home.WidgetSelector)</param>
                    <description/>
                    <content sortby="default" sortorder="ascending" target="videos" limit="20" browse="$VAR[Defs_BrowseLimitedLists]">plugin://script.skinvariables/?info=get_params_file&amp;path=special://profile/addon_data/script.skinvariables/nodes/dynamic/Recommended Movies.json</content>
                    <include content="Defs_AutoScroll" condition="False">
                        <param name="condition">[!Control.HasFocus(101604) | System.IdleTime(3)]</param>
                    </include>
                    <include content="Action_View_Movement_OnLeft">
                        <param name="id">101604</param>
                    </include>
                    <include content="Action_View_Movement_OnRight">
                        <param name="id">101604</param>
                    </include>
                    <onfocus>SetProperty(SideMenu.CurrentGUID,guid-488ad32f,Home)</onfocus>
                    <onfocus>SetProperty(SideMenu.CurrentName,$LOCALIZE[20342],Home)</onfocus>
                    <onfocus>SetProperty(SideMenu.CurrentItem,1,Home)</onfocus>
                </include>
                <!-- Sidemenu Widgets for homemenu 2 TV Shows -->
                <include content="Widget_Row" condition="True">
                    <param name="id">102601</param>
                    <param name="groupid">102701</param>
                    <param name="label">Trending TV Shows</param>
                    <param name="usewidgetlabel">False</param>
                    <param name="include">List_Landscape_Row</param>
                    <param name="transition_include">true</param>
                    <param name="transition_hidden">Control.HasFocus(102601)</param>
                    <param name="grouplistid">400</param>
                    <param name="refocus">$VAR[Action_Hubs_Menu_SetFocus]</param>
                    <param name="detailed">False</param>
                    <param name="visible">[String.IsEqual(Container(303).ListItem.Property(guid),guid-0a9df9a5) | [Skin.HasSetting(Hub.Home.DisableSubmenu) + !Skin.HasSetting(Hub.Home.WidgetSelector) + !Skin.HasSetting(Hub.Home.DisableMoveBetweenGroups)]] + [True] + String.IsEmpty(Window.Property(Widgets.ResetPosition))</param>
                    <param name="altvisible">False</param>
                    <param name="busy_isupdating">True</param>
                    <param name="shortstack_enabled">False</param>
                    <param name="shortstack_id">102801</param>
                    <param name="shortstack_visible">[Control.IsVisible(102602) | Control.IsVisible(102603) | Control.IsVisible(102604)]</param>
                    <param name="widgetfade_include">!Skin.HasSetting(Hub.Home.WidgetSelector)</param>
                    <description/>
                    <content sortby="" sortorder="ascending" target="videos" limit="" browse="$VAR[Defs_BrowseLimitedLists]">plugin://plugin.video.themoviedb.helper/?info=trending_day&amp;tmdb_type=tv&amp;widget=true&amp;reload=$INFO[Window(Home).Property(TMDbHelper.Widgets.Reload)]&amp;reload=$INFO[Window(Home).Property(TMDbHelper.Widgets.Reload)]</content>
                    <include content="Defs_AutoScroll" condition="False">
                        <param name="condition">[!Control.HasFocus(102601) | System.IdleTime(3)]</param>
                    </include>
                    <include content="Action_View_Movement_OnLeft">
                        <param name="id">102601</param>
                    </include>
                    <include content="Action_View_Movement_OnRight">
                        <param name="id">102601</param>
                    </include>
                    <onfocus>SetProperty(SideMenu.CurrentGUID,guid-0a9df9a5,Home)</onfocus>
                    <onfocus>SetProperty(SideMenu.CurrentName,TV Shows,Home)</onfocus>
                    <onfocus>SetProperty(SideMenu.CurrentItem,2,Home)</onfocus>
                </include>
                <include content="Widget_Row" condition="True">
                    <param name="id">102602</param>
                    <param name="groupid">102702</param>
                    <param name="label">Recently Watched TV Shows</param>
                    <param name="usewidgetlabel">True</param>
                    <param name="include">List_Landscape_Row</param>
                    <param name="transition_include">true</param>
                    <param name="transition_hidden">Control.HasFocus(102602)</param>
                    <param name="grouplistid">400</param>
                    <param name="refocus">$VAR[Action_Hubs_Menu_SetFocus]</param>
                    <param name="detailed">False</param>
                    <param name="visible">[String.IsEqual(Container(303).ListItem.Property(guid),guid-0a9df9a5) | [Skin.HasSetting(Hub.Home.DisableSubmenu) + !Skin.HasSetting(Hub.Home.WidgetSelector) + !Skin.HasSetting(Hub.Home.DisableMoveBetweenGroups)]] + [True] + String.IsEmpty(Window.Property(Widgets.ResetPosition))</param>
                    <param name="altvisible">False</param>
                    <param name="busy_isupdating">True</param>
                    <param name="shortstack_enabled">False</param>
                    <param name="shortstack_id">102802</param>
                    <param name="shortstack_visible">[Control.IsVisible(102603) | Control.IsVisible(102604) | Control.IsVisible(102605)]</param>
                    <param name="widgetfade_include">!Skin.HasSetting(Hub.Home.WidgetSelector)</param>
                    <description/>
                    <content sortby="" sortorder="ascending" target="videos" limit="" browse="$VAR[Defs_BrowseLimitedLists]">plugin://script.skinvariables/?info=get_params_file&amp;path=special://profile/addon_data/script.skinvariables/nodes/dynamic/Your Recently Watched.json</content>
                    <include content="Defs_AutoScroll" condition="False">
                        <param name="condition">[!Control.HasFocus(102602) | System.IdleTime(3)]</param>
                    </include>
                    <include content="Action_View_Movement_OnLeft">
                        <param name="id">102602</param>
                    </include>
                    <include content="Action_View_Movement_OnRight">
                        <param name="id">102602</param>
                    </include>
                    <onfocus>SetProperty(SideMenu.CurrentGUID,guid-0a9df9a5,Home)</onfocus>
                    <onfocus>SetProperty(SideMenu.CurrentName,TV Shows,Home)</onfocus>
                    <onfocus>SetProperty(SideMenu.CurrentItem,2,Home)</onfocus>
                </include>
                <include content="Widget_Row" condition="True">
                    <param name="id">102603</param>
                    <param name="groupid">102703</param>
                    <param name="label">$LOCALIZE[31018]$INFO[Window.Property(WidgetMeta.102602.TVShowTitle), (,)]</param>
                    <param name="usewidgetlabel">False</param>
                    <param name="include">List_Landscape_Row</param>
                    <param name="transition_include">true</param>
                    <param name="transition_hidden">Control.HasFocus(102603)</param>
                    <param name="grouplistid">400</param>
                    <param name="refocus">$VAR[Action_Hubs_Menu_SetFocus]</param>
                    <param name="detailed">False</param>
                    <param name="visible">[String.IsEqual(Container(303).ListItem.Property(guid),guid-0a9df9a5) | [Skin.HasSetting(Hub.Home.DisableSubmenu) + !Skin.HasSetting(Hub.Home.WidgetSelector) + !Skin.HasSetting(Hub.Home.DisableMoveBetweenGroups)]] + [Control.IsVisible(102602)] + String.IsEmpty(Window.Property(Widgets.ResetPosition))</param>
                    <param name="altvisible">Control.HasFocus(102602)</param>
                    <param name="busy_isupdating">True</param>
                    <param name="shortstack_enabled">False</param>
                    <param name="shortstack_id">102803</param>
                    <param name="shortstack_visible">[Control.IsVisible(102604) | Control.IsVisible(102605) | Control.IsVisible(102606)]</param>
                    <param name="widgetfade_include">!Skin.HasSetting(Hub.Home.WidgetSelector)</param>
                    <description/>
                    <content sortby="rating" sortorder="descending" target="videos" limit="" browse="$VAR[Defs_BrowseLimitedLists]">plugin://plugin.video.themoviedb.helper/?info=recommendations&amp;tmdb_type=tv&amp;query=$INFO[Window.Property(WidgetMeta.102602.TvShowTitle)]$VAR[Path_Param_Widget]</content>
                    <include content="Defs_AutoScroll" condition="False">
                        <param name="condition">[!Control.HasFocus(102603) | System.IdleTime(3)]</param>
                    </include>
                    <include content="Action_View_Movement_OnLeft">
                        <param name="id">102603</param>
                    </include>
                    <include content="Action_View_Movement_OnRight">
                        <param name="id">102603</param>
                    </include>
                    <onfocus>SetProperty(SideMenu.CurrentGUID,guid-0a9df9a5,Home)</onfocus>
                    <onfocus>SetProperty(SideMenu.CurrentName,TV Shows,Home)</onfocus>
                    <onfocus>SetProperty(SideMenu.CurrentItem,2,Home)</onfocus>
                </include>
                <include content="Widget_Row" condition="True">
                    <param name="id">102604</param>
                    <param name="groupid">102704</param>
                    <param name="label">Recommended TV Shows</param>
                    <param name="usewidgetlabel">True</param>
                    <param name="include">List_Landscape_Row</param>
                    <param name="transition_include">true</param>
                    <param name="transition_hidden">Control.HasFocus(102604)</param>
                    <param name="grouplistid">400</param>
                    <param name="refocus">$VAR[Action_Hubs_Menu_SetFocus]</param>
                    <param name="detailed">False</param>
                    <param name="visible">[String.IsEqual(Container(303).ListItem.Property(guid),guid-0a9df9a5) | [Skin.HasSetting(Hub.Home.DisableSubmenu) + !Skin.HasSetting(Hub.Home.WidgetSelector) + !Skin.HasSetting(Hub.Home.DisableMoveBetweenGroups)]] + [True] + String.IsEmpty(Window.Property(Widgets.ResetPosition))</param>
                    <param name="altvisible">False</param>
                    <param name="busy_isupdating">True</param>
                    <param name="shortstack_enabled">False</param>
                    <param name="shortstack_id">102804</param>
                    <param name="shortstack_visible">[Control.IsVisible(102605) | Control.IsVisible(102606) | Control.IsVisible(102607)]</param>
                    <param name="widgetfade_include">!Skin.HasSetting(Hub.Home.WidgetSelector)</param>
                    <description/>
                    <content sortby="default" sortorder="ascending" target="videos" limit="20" browse="$VAR[Defs_BrowseLimitedLists]">plugin://script.skinvariables/?info=get_params_file&amp;path=special://profile/addon_data/script.skinvariables/nodes/dynamic/Recommended TV Shows.json</content>
                    <include content="Defs_AutoScroll" condition="False">
                        <param name="condition">[!Control.HasFocus(102604) | System.IdleTime(3)]</param>
                    </include>
                    <include content="Action_View_Movement_OnLeft">
                        <param name="id">102604</param>
                    </include>
                    <include content="Action_View_Movement_OnRight">
                        <param name="id">102604</param>
                    </include>
                    <onfocus>SetProperty(SideMenu.CurrentGUID,guid-0a9df9a5,Home)</onfocus>
                    <onfocus>SetProperty(SideMenu.CurrentName,TV Shows,Home)</onfocus>
                    <onfocus>SetProperty(SideMenu.CurrentItem,2,Home)</onfocus>
                </include>
                <!-- Sidemenu Widgets for homemenu 3 Trakt -->
                <include content="Widget_Row" condition="True">
                    <param name="id">103601</param>
                    <param name="groupid">103701</param>
                    <param name="label">Up Next: MCU</param>
                    <param name="usewidgetlabel">True</param>
                    <param name="include">List_Landscape_Row</param>
                    <param name="transition_include">true</param>
                    <param name="transition_hidden">Control.HasFocus(103601)</param>
                    <param name="grouplistid">400</param>
                    <param name="refocus">$VAR[Action_Hubs_Menu_SetFocus]</param>
                    <param name="detailed">False</param>
                    <param name="visible">[String.IsEqual(Container(303).ListItem.Property(guid),guid-7b5a80db) | [Skin.HasSetting(Hub.Home.DisableSubmenu) + !Skin.HasSetting(Hub.Home.WidgetSelector) + !Skin.HasSetting(Hub.Home.DisableMoveBetweenGroups)]] + [True] + String.IsEmpty(Window.Property(Widgets.ResetPosition))</param>
                    <param name="altvisible">False</param>
                    <param name="busy_isupdating">True</param>
                    <param name="shortstack_enabled">False</param>
                    <param name="shortstack_id">103801</param>
                    <param name="shortstack_visible">[Control.IsVisible(103602) | Control.IsVisible(103603) | Control.IsVisible(103604)]</param>
                    <param name="widgetfade_include">!Skin.HasSetting(Hub.Home.WidgetSelector)</param>
                    <description/>
                    <content sortby="" sortorder="ascending" target="videos" limit="" browse="$VAR[Defs_BrowseLimitedLists]">plugin://script.skinvariables/?info=get_params_file&amp;path=special://profile/addon_data/script.skinvariables/nodes/dynamic/Up Next MCU.json</content>
                    <include content="Defs_AutoScroll" condition="False">
                        <param name="condition">[!Control.HasFocus(103601) | System.IdleTime(3)]</param>
                    </include>
                    <include content="Action_View_Movement_OnLeft">
                        <param name="id">103601</param>
                    </include>
                    <include content="Action_View_Movement_OnRight">
                        <param name="id">103601</param>
                    </include>
                    <onfocus>SetProperty(SideMenu.CurrentGUID,guid-7b5a80db,Home)</onfocus>
                    <onfocus>SetProperty(SideMenu.CurrentName,Trakt,Home)</onfocus>
                    <onfocus>SetProperty(SideMenu.CurrentItem,3,Home)</onfocus>
                </include>
                <include content="Widget_Row" condition="True">
                    <param name="id">103602</param>
                    <param name="groupid">103702</param>
                    <param name="label">Up Next: X-Men</param>
                    <param name="usewidgetlabel">True</param>
                    <param name="include">List_Landscape_Row</param>
                    <param name="transition_include">true</param>
                    <param name="transition_hidden">Control.HasFocus(103602)</param>
                    <param name="grouplistid">400</param>
                    <param name="refocus">$VAR[Action_Hubs_Menu_SetFocus]</param>
                    <param name="detailed">False</param>
                    <param name="visible">[String.IsEqual(Container(303).ListItem.Property(guid),guid-7b5a80db) | [Skin.HasSetting(Hub.Home.DisableSubmenu) + !Skin.HasSetting(Hub.Home.WidgetSelector) + !Skin.HasSetting(Hub.Home.DisableMoveBetweenGroups)]] + [True] + String.IsEmpty(Window.Property(Widgets.ResetPosition))</param>
                    <param name="altvisible">False</param>
                    <param name="busy_isupdating">True</param>
                    <param name="shortstack_enabled">False</param>
                    <param name="shortstack_id">103802</param>
                    <param name="shortstack_visible">[Control.IsVisible(103603) | Control.IsVisible(103604) | Control.IsVisible(103605)]</param>
                    <param name="widgetfade_include">!Skin.HasSetting(Hub.Home.WidgetSelector)</param>
                    <description/>
                    <content sortby="" sortorder="ascending" target="videos" limit="" browse="$VAR[Defs_BrowseLimitedLists]">plugin://script.skinvariables/?info=get_params_file&amp;path=special://profile/addon_data/script.skinvariables/nodes/dynamic/Up Next X-Men.json</content>
                    <include content="Defs_AutoScroll" condition="False">
                        <param name="condition">[!Control.HasFocus(103602) | System.IdleTime(3)]</param>
                    </include>
                    <include content="Action_View_Movement_OnLeft">
                        <param name="id">103602</param>
                    </include>
                    <include content="Action_View_Movement_OnRight">
                        <param name="id">103602</param>
                    </include>
                    <onfocus>SetProperty(SideMenu.CurrentGUID,guid-7b5a80db,Home)</onfocus>
                    <onfocus>SetProperty(SideMenu.CurrentName,Trakt,Home)</onfocus>
                    <onfocus>SetProperty(SideMenu.CurrentItem,3,Home)</onfocus>
                </include>
                <include content="Widget_Row" condition="True">
                    <param name="id">103603</param>
                    <param name="groupid">103703</param>
                    <param name="label">Up Next: Harry Potter</param>
                    <param name="usewidgetlabel">True</param>
                    <param name="include">List_Landscape_Row</param>
                    <param name="transition_include">true</param>
                    <param name="transition_hidden">Control.HasFocus(103603)</param>
                    <param name="grouplistid">400</param>
                    <param name="refocus">$VAR[Action_Hubs_Menu_SetFocus]</param>
                    <param name="detailed">False</param>
                    <param name="visible">[String.IsEqual(Container(303).ListItem.Property(guid),guid-7b5a80db) | [Skin.HasSetting(Hub.Home.DisableSubmenu) + !Skin.HasSetting(Hub.Home.WidgetSelector) + !Skin.HasSetting(Hub.Home.DisableMoveBetweenGroups)]] + [True] + String.IsEmpty(Window.Property(Widgets.ResetPosition))</param>
                    <param name="altvisible">False</param>
                    <param name="busy_isupdating">True</param>
                    <param name="shortstack_enabled">False</param>
                    <param name="shortstack_id">103803</param>
                    <param name="shortstack_visible">[Control.IsVisible(103604) | Control.IsVisible(103605) | Control.IsVisible(103606)]</param>
                    <param name="widgetfade_include">!Skin.HasSetting(Hub.Home.WidgetSelector)</param>
                    <description/>
                    <content sortby="" sortorder="ascending" target="videos" limit="" browse="$VAR[Defs_BrowseLimitedLists]">plugin://script.skinvariables/?info=get_params_file&amp;path=special://profile/addon_data/script.skinvariables/nodes/dynamic/Up Next Harry Potter.json</content>
                    <include content="Defs_AutoScroll" condition="False">
                        <param name="condition">[!Control.HasFocus(103603) | System.IdleTime(3)]</param>
                    </include>
                    <include content="Action_View_Movement_OnLeft">
                        <param name="id">103603</param>
                    </include>
                    <include content="Action_View_Movement_OnRight">
                        <param name="id">103603</param>
                    </include>
                    <onfocus>SetProperty(SideMenu.CurrentGUID,guid-7b5a80db,Home)</onfocus>
                    <onfocus>SetProperty(SideMenu.CurrentName,Trakt,Home)</onfocus>
                    <onfocus>SetProperty(SideMenu.CurrentItem,3,Home)</onfocus>
                </include>
                <!-- Sidemenu Widgets for homemenu 4 Library -->
                <include content="Widget_Row" condition="True">
                    <param name="id">104601</param>
                    <param name="groupid">104701</param>
                    <param name="label">Recently Added</param>
                    <param name="usewidgetlabel">False</param>
                    <param name="include">List_Landscape_Row</param>
                    <param name="transition_include">true</param>
                    <param name="transition_hidden">Control.HasFocus(104601)</param>
                    <param name="grouplistid">400</param>
                    <param name="refocus">$VAR[Action_Hubs_Menu_SetFocus]</param>
                    <param name="detailed">False</param>
                    <param name="visible">[String.IsEqual(Container(303).ListItem.Property(guid),guid-a25665a5) | [Skin.HasSetting(Hub.Home.DisableSubmenu) + !Skin.HasSetting(Hub.Home.WidgetSelector) + !Skin.HasSetting(Hub.Home.DisableMoveBetweenGroups)]] + [True] + String.IsEmpty(Window.Property(Widgets.ResetPosition))</param>
                    <param name="altvisible">False</param>
                    <param name="busy_isupdating">True</param>
                    <param name="shortstack_enabled">False</param>
                    <param name="shortstack_id">104801</param>
                    <param name="shortstack_visible">[Control.IsVisible(104602) | Control.IsVisible(104603) | Control.IsVisible(104604)]</param>
                    <param name="widgetfade_include">!Skin.HasSetting(Hub.Home.WidgetSelector)</param>
                    <description/>
                    <content sortby="" sortorder="ascending" target="videos" limit="" browse="$VAR[Defs_BrowseLimitedLists]">library://video/movies/recentlyaddedmovies.xml/</content>
                    <include content="Defs_AutoScroll" condition="False">
                        <param name="condition">[!Control.HasFocus(104601) | System.IdleTime(3)]</param>
                    </include>
                    <include content="Action_View_Movement_OnLeft">
                        <param name="id">104601</param>
                    </include>
                    <include content="Action_View_Movement_OnRight">
                        <param name="id">104601</param>
                    </include>
                    <onfocus>SetProperty(SideMenu.CurrentGUID,guid-a25665a5,Home)</onfocus>
                    <onfocus>SetProperty(SideMenu.CurrentName,Library,Home)</onfocus>
                    <onfocus>SetProperty(SideMenu.CurrentItem,4,Home)</onfocus>
                </include>
                <!-- Classic Widgets for homemenu -->
            </include>
        </include>
    </include>
    <!-- Selector Widgets -->
    <include name="skinvariables-homemenu-widgets-selector">
</include>
    <!-- Static Mainmenu -->
    <include name="skinvariables-1101menu-staticitems">
</include>
    <!-- Dynamic Submenus -->
    <include name="skinvariables-1101menu-submenu">
</include>
    <!-- Category Spotlights -->
    <include name="skinvariables-1101menu-spotlight">
</include>
    <!-- Standard Widgets -->
    <include name="skinvariables-1101menu-widgets">
        <!-- Widget Group -->
        <include content="Hub_Menu_Group">
            <include content="Hub_Widgets_Grouplist">
                <param name="id">400</param>
                <param name="bumperid">401</param>
                <param name="furnitureid">499</param>
                <param name="widgets_only">Skin.HasSetting(Hub.1101.DisableSubmenu)</param>
                <param name="endrow_selector">Skin.HasSetting(Hub.1101.WidgetSelector)</param>
                <param name="endrow_selector_id">419</param>
                <param name="window_id">1101</param>
                <param name="visible">True</param>
                <!-- Global Widgets for 1101menu -->
            </include>
        </include>
    </include>
    <!-- Selector Widgets -->
    <include name="skinvariables-1101menu-widgets-selector">
</include>
    <!-- Static Mainmenu -->
    <include name="skinvariables-1102menu-staticitems">
</include>
    <!-- Dynamic Submenus -->
    <include name="skinvariables-1102menu-submenu">
</include>
    <!-- Category Spotlights -->
    <include name="skinvariables-1102menu-spotlight">
</include>
    <!-- Standard Widgets -->
    <include name="skinvariables-1102menu-widgets">
        <!-- Widget Group -->
        <include content="Hub_Menu_Group">
            <include content="Hub_Widgets_Grouplist">
                <param name="id">400</param>
                <param name="bumperid">401</param>
                <param name="furnitureid">499</param>
                <param name="widgets_only">Skin.HasSetting(Hub.1102.DisableSubmenu)</param>
                <param name="endrow_selector">Skin.HasSetting(Hub.1102.WidgetSelector)</param>
                <param name="endrow_selector_id">419</param>
                <param name="window_id">1102</param>
                <param name="visible">True</param>
                <!-- Global Widgets for 1102menu -->
            </include>
        </include>
    </include>
    <!-- Selector Widgets -->
    <include name="skinvariables-1102menu-widgets-selector">
</include>
    <!-- Static Mainmenu -->
    <include name="skinvariables-1103menu-staticitems">
</include>
    <!-- Dynamic Submenus -->
    <include name="skinvariables-1103menu-submenu">
</include>
    <!-- Category Spotlights -->
    <include name="skinvariables-1103menu-spotlight">
</include>
    <!-- Standard Widgets -->
    <include name="skinvariables-1103menu-widgets">
        <!-- Widget Group -->
        <include content="Hub_Menu_Group">
            <include content="Hub_Widgets_Grouplist">
                <param name="id">400</param>
                <param name="bumperid">401</param>
                <param name="furnitureid">499</param>
                <param name="widgets_only">Skin.HasSetting(Hub.1103.DisableSubmenu)</param>
                <param name="endrow_selector">Skin.HasSetting(Hub.1103.WidgetSelector)</param>
                <param name="endrow_selector_id">419</param>
                <param name="window_id">1103</param>
                <param name="visible">True</param>
                <!-- Global Widgets for 1103menu -->
            </include>
        </include>
    </include>
    <!-- Selector Widgets -->
    <include name="skinvariables-1103menu-widgets-selector">
</include>
    <!-- Static Mainmenu -->
    <include name="skinvariables-1104menu-staticitems">
</include>
    <!-- Dynamic Submenus -->
    <include name="skinvariables-1104menu-submenu">
</include>
    <!-- Category Spotlights -->
    <include name="skinvariables-1104menu-spotlight">
</include>
    <!-- Standard Widgets -->
    <include name="skinvariables-1104menu-widgets">
        <!-- Widget Group -->
        <include content="Hub_Menu_Group">
            <include content="Hub_Widgets_Grouplist">
                <param name="id">400</param>
                <param name="bumperid">401</param>
                <param name="furnitureid">499</param>
                <param name="widgets_only">Skin.HasSetting(Hub.1104.DisableSubmenu)</param>
                <param name="endrow_selector">Skin.HasSetting(Hub.1104.WidgetSelector)</param>
                <param name="endrow_selector_id">419</param>
                <param name="window_id">1104</param>
                <param name="visible">True</param>
                <!-- Global Widgets for 1104menu -->
            </include>
        </include>
    </include>
    <!-- Selector Widgets -->
    <include name="skinvariables-1104menu-widgets-selector">
</include>
    <!-- Static Mainmenu -->
    <include name="skinvariables-1106menu-staticitems">
</include>
    <!-- Dynamic Submenus -->
    <include name="skinvariables-1106menu-submenu">
</include>
    <!-- Category Spotlights -->
    <include name="skinvariables-1106menu-spotlight">
</include>
    <!-- Standard Widgets -->
    <include name="skinvariables-1106menu-widgets">
        <!-- Widget Group -->
        <include content="Hub_Menu_Group">
            <include content="Hub_Widgets_Grouplist">
                <param name="id">400</param>
                <param name="bumperid">401</param>
                <param name="furnitureid">499</param>
                <param name="widgets_only">Skin.HasSetting(Hub.1106.DisableSubmenu)</param>
                <param name="endrow_selector">Skin.HasSetting(Hub.1106.WidgetSelector)</param>
                <param name="endrow_selector_id">419</param>
                <param name="window_id">1106</param>
                <param name="visible">True</param>
                <!-- Global Widgets for 1106menu -->
            </include>
        </include>
    </include>
    <!-- Selector Widgets -->
    <include name="skinvariables-1106menu-widgets-selector">
</include>
    <!-- Static Mainmenu -->
    <include name="skinvariables-1107menu-staticitems">
</include>
    <!-- Dynamic Submenus -->
    <include name="skinvariables-1107menu-submenu">
</include>
    <!-- Category Spotlights -->
    <include name="skinvariables-1107menu-spotlight">
</include>
    <!-- Standard Widgets -->
    <include name="skinvariables-1107menu-widgets">
        <!-- Widget Group -->
        <include content="Hub_Menu_Group">
            <include content="Hub_Widgets_Grouplist">
                <param name="id">400</param>
                <param name="bumperid">401</param>
                <param name="furnitureid">499</param>
                <param name="widgets_only">Skin.HasSetting(Hub.1107.DisableSubmenu)</param>
                <param name="endrow_selector">Skin.HasSetting(Hub.1107.WidgetSelector)</param>
                <param name="endrow_selector_id">419</param>
                <param name="window_id">1107</param>
                <param name="visible">True</param>
                <!-- Global Widgets for 1107menu -->
            </include>
        </include>
    </include>
    <!-- Selector Widgets -->
    <include name="skinvariables-1107menu-widgets-selector">
</include>
    <!-- Static Mainmenu -->
    <include name="skinvariables-1108menu-staticitems">
</include>
    <!-- Dynamic Submenus -->
    <include name="skinvariables-1108menu-submenu">
</include>
    <!-- Category Spotlights -->
    <include name="skinvariables-1108menu-spotlight">
</include>
    <!-- Standard Widgets -->
    <include name="skinvariables-1108menu-widgets">
        <!-- Widget Group -->
        <include content="Hub_Menu_Group">
            <include content="Hub_Widgets_Grouplist">
                <param name="id">400</param>
                <param name="bumperid">401</param>
                <param name="furnitureid">499</param>
                <param name="widgets_only">Skin.HasSetting(Hub.1108.DisableSubmenu)</param>
                <param name="endrow_selector">Skin.HasSetting(Hub.1108.WidgetSelector)</param>
                <param name="endrow_selector_id">419</param>
                <param name="window_id">1108</param>
                <param name="visible">True</param>
                <!-- Global Widgets for 1108menu -->
            </include>
        </include>
    </include>
    <!-- Selector Widgets -->
    <include name="skinvariables-1108menu-widgets-selector">
</include>
    <!-- Static Mainmenu -->
    <include name="skinvariables-1109menu-staticitems">
</include>
    <!-- Dynamic Submenus -->
    <include name="skinvariables-1109menu-submenu">
</include>
    <!-- Category Spotlights -->
    <include name="skinvariables-1109menu-spotlight">
</include>
    <!-- Standard Widgets -->
    <include name="skinvariables-1109menu-widgets">
        <!-- Widget Group -->
        <include content="Hub_Menu_Group">
            <include content="Hub_Widgets_Grouplist">
                <param name="id">400</param>
                <param name="bumperid">401</param>
                <param name="furnitureid">499</param>
                <param name="widgets_only">Skin.HasSetting(Hub.1109.DisableSubmenu)</param>
                <param name="endrow_selector">Skin.HasSetting(Hub.1109.WidgetSelector)</param>
                <param name="endrow_selector_id">419</param>
                <param name="window_id">1109</param>
                <param name="visible">True</param>
                <!-- Global Widgets for 1109menu -->
            </include>
        </include>
    </include>
    <!-- Selector Widgets -->
    <include name="skinvariables-1109menu-widgets-selector">
</include>
    <!-- Home Extended Global -->
    <include name="skinvariables-homemenu-extended-global">
</include>
    <!-- 1101 Extended Global -->
    <include name="skinvariables-1101menu-extended-global">
</include>
    <!-- 1102 Extended Global -->
    <include name="skinvariables-1102menu-extended-global">
</include>
    <!-- 1103 Extended Global -->
    <include name="skinvariables-1103menu-extended-global">
</include>
    <!-- 1104 Extended Global -->
    <include name="skinvariables-1104menu-extended-global">
</include>
    <!-- 1106 Extended Global -->
    <include name="skinvariables-1106menu-extended-global">
</include>
    <!-- 1107 Extended Global -->
    <include name="skinvariables-1107menu-extended-global">
</include>
    <!-- 1108 Extended Global -->
    <include name="skinvariables-1108menu-extended-global">
</include>
    <!-- 1109 Extended Global -->
    <include name="skinvariables-1109menu-extended-global">
</include>
    <!-- Static Power Main Menu -->
    <include name="skinvariables-powermainmenu-staticitems">
        <item>
            <label>Add-ons</label>
            <icon>special://skin/extras/icons/addon.png</icon>
            <property name="path">ActivateWindow(1132)</property>
            <property name="menu">powermainmenu</property>
            <property name="mode"/>
            <property name="node"/>
            <property name="item">$NUMBER[0]</property>
            <property name="guid">guid-4516badc</property>
            <property name="target"/>
            <onclick>ClearProperty(TMDbHelper.WidgetContainer.UpdateLock.OnFocus,1198)</onclick>
            <onclick condition="Window.IsActive(DialogButtonMenu.xml) | Window.IsVisible(1170)">Close</onclick>
            <onclick>ActivateWindow(1132)</onclick>
            <visible>True</visible>
        </item>
        <item>
            <label>FEN</label>
            <icon>special://skin/extras/icons/screwdriver-wrench.png</icon>
            <property name="path">PlayMedia(plugin://plugin.video.fenlight/?mode=open_settings&amp;isFolder=false&amp;iconImage=https%3A%2F%2Fi.imgur.com%2FRDNxy36.png)</property>
            <property name="menu">powermainmenu</property>
            <property name="mode"/>
            <property name="node"/>
            <property name="item">$NUMBER[1]</property>
            <property name="guid">guid-92dc9302</property>
            <property name="target"/>
            <onclick>ClearProperty(TMDbHelper.WidgetContainer.UpdateLock.OnFocus,1198)</onclick>
            <onclick condition="Window.IsActive(DialogButtonMenu.xml) | Window.IsVisible(1170)">Close</onclick>
            <onclick>PlayMedia(plugin://plugin.video.fenlight/?mode=open_settings&amp;isFolder=false&amp;iconImage=https%3A%2F%2Fi.imgur.com%2FRDNxy36.png)</onclick>
            <visible>True</visible>
        </item>
        <item>
            <label>TMDb</label>
            <icon>special://skin/extras/icons/wrench.png</icon>
            <property name="path">RunPlugin(plugin://plugin.video.themoviedb.helper/?info=dir_settings)</property>
            <property name="menu">powermainmenu</property>
            <property name="mode"/>
            <property name="node"/>
            <property name="item">$NUMBER[2]</property>
            <property name="guid">guid-72e8b614</property>
            <property name="target"/>
            <onclick>ClearProperty(TMDbHelper.WidgetContainer.UpdateLock.OnFocus,1198)</onclick>
            <onclick condition="Window.IsActive(DialogButtonMenu.xml) | Window.IsVisible(1170)">Close</onclick>
            <onclick>RunPlugin(plugin://plugin.video.themoviedb.helper/?info=dir_settings)</onclick>
            <visible>True</visible>
        </item>
        <item>
            <label>EZ+</label>
            <icon>special://skin/extras/icons/bolt.png</icon>
            <property name="path">plugin://script.ezmaintenanceplus/?url=ur&amp;action=maintenance&amp;name=%5BCOLOR+white%5D%5BB%5DMAINTENANCE%5B%2FB%5D%5B%2FCOLOR%5D&amp;icon=%2Fmedia%2Fdeveloper%2Fapps%2Fusr%2Fpalm%2Fapplications%2Forg.xbmc.kodi%2F.kodi%2Faddons%2Fscript.ezmaintenanceplus%2Ficon.png&amp;fanart=%2Fmedia%2Fdeveloper%2Fapps%2Fusr%2Fpalm%2Fapplications%2Forg.xbmc.kodi%2F.kodi%2Faddons%2Fscript.ezmaintenanceplus%2Ffanart.jpg&amp;description=</property>
            <property name="menu">powermainmenu</property>
            <property name="mode"/>
            <property name="node"/>
            <property name="item">$NUMBER[3]</property>
            <property name="guid">guid-f6ab6d25</property>
            <property name="target">programs</property>
            <onclick>ClearProperty(TMDbHelper.WidgetContainer.UpdateLock.OnFocus,1198)</onclick>
            <onclick condition="Window.IsActive(DialogButtonMenu.xml) | Window.IsVisible(1170)">Close</onclick>
            <onclick>ActivateWindow(programs,plugin://script.ezmaintenanceplus/?url=ur&amp;action=maintenance&amp;name=%5BCOLOR+white%5D%5BB%5DMAINTENANCE%5B%2FB%5D%5B%2FCOLOR%5D&amp;icon=%2Fmedia%2Fdeveloper%2Fapps%2Fusr%2Fpalm%2Fapplications%2Forg.xbmc.kodi%2F.kodi%2Faddons%2Fscript.ezmaintenanceplus%2Ficon.png&amp;fanart=%2Fmedia%2Fdeveloper%2Fapps%2Fusr%2Fpalm%2Fapplications%2Forg.xbmc.kodi%2F.kodi%2Faddons%2Fscript.ezmaintenanceplus%2Ffanart.jpg&amp;description=,return)</onclick>
            <visible>True</visible>
        </item>
    </include>
    <!-- Static Power Side Menu -->
    <include name="skinvariables-powersidemenu-staticitems">
</include>
    <!-- Options Tray Items -->
    <include name="skinvariables-options-tray-staticitems">
        <item>
            <label>FEN Database &amp; Cache</label>
            <icon>special://skin/extras/icons/screwdriver-wrench.png</icon>
            <property name="path">plugin://plugin.video.fenlight/?mode=navigator.maintenance&amp;iconImage=https%3A%2F%2Fi.imgur.com%2F4xBbqSw.png</property>
            <property name="menu">options-tray</property>
            <property name="mode"/>
            <property name="node"/>
            <property name="item">$NUMBER[0]</property>
            <property name="guid">guid-caf5f652</property>
            <property name="target">videos</property>
            <onclick>ClearProperty(TMDbHelper.WidgetContainer.UpdateLock.OnFocus,1198)</onclick>
            <onclick>Close</onclick>
            <onclick>ActivateWindow(videos,plugin://plugin.video.fenlight/?mode=navigator.maintenance&amp;iconImage=https%3A%2F%2Fi.imgur.com%2F4xBbqSw.png,return)</onclick>
            <visible>True</visible>
        </item>
        <item>
            <label>$LOCALIZE[5]</label>
            <icon>special://skin/extras/icons/settings.png</icon>
            <property name="path">ActivateWindow(settings)</property>
            <property name="menu">options-tray</property>
            <property name="mode"/>
            <property name="node"/>
            <property name="item">$NUMBER[1]</property>
            <property name="guid">guid-1c830aba</property>
            <property name="target"/>
            <onclick>ClearProperty(TMDbHelper.WidgetContainer.UpdateLock.OnFocus,1198)</onclick>
            <onclick>Close</onclick>
            <onclick>ActivateWindow(settings)</onclick>
            <visible>True</visible>
        </item>
        <item>
            <label>$LOCALIZE[31364]</label>
            <icon>special://skin/extras/icons/update.png</icon>
            <property name="path">ReloadSkin()</property>
            <property name="menu">options-tray</property>
            <property name="mode"/>
            <property name="node"/>
            <property name="item">$NUMBER[2]</property>
            <property name="guid">guid-34386513</property>
            <property name="target"/>
            <onclick>ClearProperty(TMDbHelper.WidgetContainer.UpdateLock.OnFocus,1198)</onclick>
            <onclick>Close</onclick>
            <onclick>ReloadSkin()</onclick>
            <visible>True</visible>
        </item>
        <item>
            <label>$LOCALIZE[13009]</label>
            <icon>special://skin/extras/icons/power.png</icon>
            <property name="path">Quit</property>
            <property name="menu">options-tray</property>
            <property name="mode"/>
            <property name="node"/>
            <property name="item">$NUMBER[3]</property>
            <property name="guid">guid-c73a1f0a</property>
            <property name="target"/>
            <onclick>ClearProperty(TMDbHelper.WidgetContainer.UpdateLock.OnFocus,1198)</onclick>
            <onclick>Close</onclick>
            <onclick>Quit</onclick>
            <visible>True</visible>
        </item>
    </include>
    <!-- Static Sidemenu -->
    <include name="skinvariables-sidemenu-staticitems">
        <item>
            <label>Home</label>
            <icon>special://skin/extras/icons/home.png</icon>
            <property name="path">ActivateWindowAndFocus(Home,100601,0)</property>
            <property name="menu">sidemenu</property>
            <property name="mode"/>
            <property name="node"/>
            <property name="item">$NUMBER[0]</property>
            <property name="guid">guid-add12e73</property>
            <property name="target"/>
            <onclick>ClearProperty(TMDbHelper.WidgetContainer.UpdateLock.OnFocus,1198)</onclick>
            <property name="expression"/>
            <property name="spotlight_path">plugin://plugin.video.themoviedb.helper/?info=popular&amp;tmdb_type=movie&amp;widget=true&amp;reload=$INFO[Window(Home).Property(TMDbHelper.Widgets.Reload)]&amp;reload=$INFO[Window(Home).Property(TMDbHelper.Widgets.Reload)]</property>
            <property name="spotlight_target">videos</property>
            <property name="spotlight_label">Popular</property>
            <property name="widgets_first_id">$NUMBER[100601]</property>
            <onclick condition="Window.IsVisible(1172)">Dialog.Close(1172,true)</onclick>
            <onclick condition="Window.IsVisible(1172) + Window.IsMedia">ReplaceWindow(Home)</onclick>
            <onclick>ActivateWindowAndFocus(Home,100601,0)</onclick>
            <visible>True</visible>
        </item>
        <item>
            <label>$LOCALIZE[20342]</label>
            <icon>special://skin/extras/icons/director.png</icon>
            <property name="path">ActivateWindowAndFocus(Home,101601,0)</property>
            <property name="menu">sidemenu</property>
            <property name="mode"/>
            <property name="node"/>
            <property name="item">$NUMBER[1]</property>
            <property name="guid">guid-488ad32f</property>
            <property name="target"/>
            <onclick>ClearProperty(TMDbHelper.WidgetContainer.UpdateLock.OnFocus,1198)</onclick>
            <property name="expression"/>
            <property name="spotlight_path">plugin://plugin.video.themoviedb.helper/?info=trending_day&amp;tmdb_type=movie&amp;widget=true&amp;reload=$INFO[Window(Home).Property(TMDbHelper.Widgets.Reload)]&amp;reload=$INFO[Window(Home).Property(TMDbHelper.Widgets.Reload)]</property>
            <property name="spotlight_target">videos</property>
            <property name="spotlight_label">Trending Today</property>
            <property name="widgets_first_id">$NUMBER[101601]</property>
            <onclick condition="Window.IsVisible(1172)">Dialog.Close(1172,true)</onclick>
            <onclick condition="Window.IsVisible(1172) + Window.IsMedia">ReplaceWindow(Home)</onclick>
            <onclick>ActivateWindowAndFocus(Home,101601,0)</onclick>
            <visible>True</visible>
        </item>
        <item>
            <label>TV Shows</label>
            <icon>special://skin/extras/icons/tv.png</icon>
            <property name="path">ActivateWindowAndFocus(Home,102601,0)</property>
            <property name="menu">sidemenu</property>
            <property name="mode"/>
            <property name="node"/>
            <property name="item">$NUMBER[2]</property>
            <property name="guid">guid-0a9df9a5</property>
            <property name="target"/>
            <onclick>ClearProperty(TMDbHelper.WidgetContainer.UpdateLock.OnFocus,1198)</onclick>
            <property name="expression"/>
            <property name="spotlight_path">plugin://plugin.video.themoviedb.helper/?info=trending_day&amp;tmdb_type=tv&amp;widget=true&amp;reload=$INFO[Window(Home).Property(TMDbHelper.Widgets.Reload)]&amp;reload=$INFO[Window(Home).Property(TMDbHelper.Widgets.Reload)]</property>
            <property name="spotlight_target">videos</property>
            <property name="spotlight_label">Trending Today</property>
            <property name="widgets_first_id">$NUMBER[102601]</property>
            <onclick condition="Window.IsVisible(1172)">Dialog.Close(1172,true)</onclick>
            <onclick condition="Window.IsVisible(1172) + Window.IsMedia">ReplaceWindow(Home)</onclick>
            <onclick>ActivateWindowAndFocus(Home,102601,0)</onclick>
            <visible>True</visible>
        </item>
        <item>
            <label>Trakt</label>
            <icon>special://skin/extras/icons/trakttv.png</icon>
            <property name="path">plugin://plugin.video.fenlight/?mode=trakt.list.get_trakt_lists&amp;list_type=liked_lists&amp;build_list=true&amp;category_name=Liked+Lists&amp;iconImage=https%3A%2F%2Fi.imgur.com%2FxihFNwP.png</property>
            <property name="menu">sidemenu</property>
            <property name="mode"/>
            <property name="node"/>
            <property name="item">$NUMBER[3]</property>
            <property name="guid">guid-7b5a80db</property>
            <property name="target">videos</property>
            <onclick>ClearProperty(TMDbHelper.WidgetContainer.UpdateLock.OnFocus,1198)</onclick>
            <property name="expression"/>
            <property name="spotlight_path">plugin://plugin.video.themoviedb.helper/?info=trakt_recommendations&amp;tmdb_type=movie&amp;widget=true&amp;reload=$INFO[Window(Home).Property(TMDbHelper.Widgets.Reload)]&amp;reload=$INFO[Window(Home).Property(TMDbHelper.Widgets.Reload)]</property>
            <property name="spotlight_target">videos</property>
            <property name="spotlight_label">Recommendations</property>
            <property name="widgets_first_id">$NUMBER[103601]</property>
            <onclick condition="Window.IsVisible(1172)">Dialog.Close(1172,true)</onclick>
            <onclick condition="Window.IsVisible(1172) + Window.IsMedia">ReplaceWindow(Home)</onclick>
            <onclick>SetProperty(CustomDialog1162.Expanded,artwork,Home)</onclick>
            <onclick>SetProperty(Target,videos,1162)</onclick>
            <onclick>SetProperty(Path,plugin://plugin.video.fenlight/?mode=trakt.list.get_trakt_lists&amp;list_type=liked_lists&amp;build_list=true&amp;category_name=Liked+Lists&amp;iconImage=https%3A%2F%2Fi.imgur.com%2FxihFNwP.png,1162)</onclick>
            <onclick>SetProperty(Header,Trakt,1162)</onclick>
            <onclick>ActivateWindow(1162)</onclick>
            <visible>True</visible>
        </item>
        <item>
            <label>Library</label>
            <icon>special://skin/extras/icons/hard-drive.png</icon>
            <property name="path">plugin://plugin.video.themoviedb.helper/?tmdb_type=movie&amp;list_name=Movies+Collection&amp;tmdb_id=None&amp;info=trakt_collection&amp;sort_by=collected&amp;sort_how=desc&amp;widget=true&amp;reload=$INFO[Window(Home).Property(TMDbHelper.Widgets.Reload)]&amp;reload=$INFO[Window(Home).Property(TMDbHelper.Widgets.Reload)]</property>
            <property name="menu">sidemenu</property>
            <property name="mode"/>
            <property name="node"/>
            <property name="item">$NUMBER[4]</property>
            <property name="guid">guid-a25665a5</property>
            <property name="target">videos</property>
            <onclick>ClearProperty(TMDbHelper.WidgetContainer.UpdateLock.OnFocus,1198)</onclick>
            <property name="expression"/>
            <property name="spotlight_path">library://video/movies/recentlyaddedmovies.xml/</property>
            <property name="spotlight_target">videos</property>
            <property name="spotlight_label">Recently added</property>
            <property name="widgets_first_id">$NUMBER[104601]</property>
            <onclick condition="Window.IsVisible(1172)">Dialog.Close(1172,true)</onclick>
            <onclick condition="Window.IsVisible(1172) + Window.IsMedia">ReplaceWindow(Home)</onclick>
            <onclick>SetProperty(CustomDialog1162.Expanded,plotbox,Home)</onclick>
            <onclick>SetProperty(Target,videos,1162)</onclick>
            <onclick>SetProperty(Path,plugin://plugin.video.themoviedb.helper/?tmdb_type=movie&amp;list_name=Movies+Collection&amp;tmdb_id=None&amp;info=trakt_collection&amp;sort_by=collected&amp;sort_how=desc&amp;widget=true&amp;reload=$INFO[Window(Home).Property(TMDbHelper.Widgets.Reload)]&amp;reload=$INFO[Window(Home).Property(TMDbHelper.Widgets.Reload)],1162)</onclick>
            <onclick>SetProperty(Header,Library,1162)</onclick>
            <onclick>ActivateWindow(1162)</onclick>
            <visible>True</visible>
        </item>
    </include>
    <!-- Sidemenu Spotlights -->
    <include name="skinvariables-sidemenu-spotlight">
</include>
    <!-- Search Extended -->
    <include name="skinvariables-searchmenu-widgets">
        <include content="_Widget_Row">
            <param name="id">5001</param>
            <param name="groupid">5101</param>
            <param name="label">Movies</param>
            <param name="include">List_Landscape_Row</param>
            <param name="visible">True</param>
            <param name="altvisible">[[Control.HasFocus(9099) | ControlGroup(9090).HasFocus()] + !String.IsEmpty(Control.GetLabel(9099).index(1)) + System.IdleTime(1) + !System.IdleTime(2)]</param>
            <param name="busy_isupdating">[[Control.HasFocus(9099) | ControlGroup(9090).HasFocus()] + !String.IsEmpty(Control.GetLabel(9099).index(1)) + System.IdleTime(1) + !System.IdleTime(2)]</param>
            <param name="transition_include">true</param>
            <param name="transition_hidden">Control.HasFocus(5001)</param>
            <param name="widgetfade_include">true</param>
            <include content="Action_View_Movement_OnLeftRight">
                <param name="id">5001</param>
                <param name="backid">5000</param>
                <param name="onback">[Integer.IsEqual(Container(5001).CurrentItem,1)]</param>
            </include>
            <onfocus>SetProperty(TMDbHelper.WidgetContainer,5001)</onfocus>
            <onfocus>SetProperty(Transition.WidgetStyle,List_Landscape_Row,Home)</onfocus>
            <onunfocus>ClearProperty(Transition.WidgetStyle,Home)</onunfocus>
            <include content="Object_ContentDynamic">
                <param name="sortby"/>
                <param name="sortorder">ascending</param>
                <param name="target">videos</param>
                <param name="limit"/>
                <param name="browse">$VAR[Defs_BrowseLimitedLists]</param>
                <param name="content">$VAR[Path_SearchTerm,plugin://plugin.video.fenlight/?mode=build_movie_list&amp;action=tmdb_movies_search&amp;query=,]</param>
            </include>
        </include>
        <include content="_Widget_Row">
            <param name="id">5002</param>
            <param name="groupid">5102</param>
            <param name="label">TV Shows</param>
            <param name="include">List_Landscape_Row</param>
            <param name="visible">True</param>
            <param name="altvisible">[[Control.HasFocus(9099) | ControlGroup(9090).HasFocus()] + !String.IsEmpty(Control.GetLabel(9099).index(1)) + System.IdleTime(1) + !System.IdleTime(2)]</param>
            <param name="busy_isupdating">[[Control.HasFocus(9099) | ControlGroup(9090).HasFocus()] + !String.IsEmpty(Control.GetLabel(9099).index(1)) + System.IdleTime(1) + !System.IdleTime(2)]</param>
            <param name="transition_include">true</param>
            <param name="transition_hidden">Control.HasFocus(5002)</param>
            <param name="widgetfade_include">true</param>
            <include content="Action_View_Movement_OnLeftRight">
                <param name="id">5002</param>
                <param name="backid">5000</param>
                <param name="onback">[Integer.IsEqual(Container(5002).CurrentItem,1)]</param>
            </include>
            <onfocus>SetProperty(TMDbHelper.WidgetContainer,5002)</onfocus>
            <onfocus>SetProperty(Transition.WidgetStyle,List_Landscape_Row,Home)</onfocus>
            <onunfocus>ClearProperty(Transition.WidgetStyle,Home)</onunfocus>
            <include content="Object_ContentDynamic">
                <param name="sortby"/>
                <param name="sortorder">ascending</param>
                <param name="target">videos</param>
                <param name="limit"/>
                <param name="browse">$VAR[Defs_BrowseLimitedLists]</param>
                <param name="content">$VAR[Path_SearchTerm,plugin://plugin.video.fenlight/?mode=build_tvshow_list&amp;action=tmdb_tv_search&amp;query=,]</param>
            </include>
        </include>
    </include>
</includes>