<contents>
    <lists>
        <list name="homemenu">
            <value name="window_id">Home</value>
        </list>
        <list name="1101menu">
            <value name="window_id">1101</value>
        </list>
        <list name="1102menu">
            <value name="window_id">1102</value>
        </list>
        <list name="1103menu">
            <value name="window_id">1103</value>
        </list>
        <list name="1104menu">
            <value name="window_id">1104</value>
        </list>
        <list name="1106menu">
            <value name="window_id">1106</value>
        </list>
        <list name="1107menu">
            <value name="window_id">1107</value>
        </list>
        <list name="1108menu">
            <value name="window_id">1108</value>
        </list>
        <list name="1109menu">
            <value name="window_id">1109</value>
        </list>
		<list name="1110menu">
            <value name="window_id">1110</value>
        </list>
		<list name="1112menu">
            <value name="window_id">1112</value>
        </list>
		<list name="1114menu">
            <value name="window_id">1114</value>
        </list>
		<list name="1125menu">
            <value name="window_id">1125</value>
        </list>
		<list name="1126menu">
            <value name="window_id">1126</value>
        </list>
		<list name="1127menu">
            <value name="window_id">1127</value>
        </list>
    </lists>
    <items>
        <item>
            <datafile>generator/data/base/category_items.xml</datafile>
        </item>
        <item>
            <datafile>generator/data/base/category_submenu.xml</datafile>
        </item>
        <item>
            <datafile>generator/data/base/category_spotlight.xml</datafile>
        </item>
        <item>
            <datafile>generator/data/base/category_widgets.xml</datafile>
        </item>
        <item>
            <datafile>generator/data/base/category_custom.xml</datafile>
        </item>
        <item>
            <datafile>generator/data/base/category_selector.xml</datafile>
        </item>
    </items>
</contents>