<?xml version="1.0" encoding="UTF-8"?>
<window type="window" id="1107">
    <include content="Action_Hubs_Onload" condition="!Integer.IsEqual(Skin.String(Hub.Home.ReplaceWindow),1107)">
        <param name="window_id">1107</param>
        <param name="property_window_id">1107</param>
    </include>
    <onload condition="Integer.IsEqual(Skin.String(Hub.Home.ReplaceWindow),1107)">ReplaceWindow(Home)</onload>
    <controls>
        <include content="Hub_Controls" condition="!Integer.IsEqual(Skin.String(Hub.Home.ReplaceWindow),1107)">
            <param name="window_id">1107</param>
            <param name="property_window_id">1107</param>
            <param name="widgets_only">Skin.HasSetting(Hub.1107.DisableSubmenu)</param>
            <param name="widgets_include">skinvariables-1107menu-widgets</param>
            <param name="categories">1107menu</param>
        </include>
    </controls>
</window>