<?xml version="1.0" encoding="UTF-8"?>
<window type="window" id="1125">
    <include content="Action_Hubs_Onload" condition="!Integer.IsEqual(Skin.String(Hub.Home.ReplaceWindow),1125)">
        <param name="window_id">1125</param>
        <param name="property_window_id">1125</param>
    </include>
    <onload condition="Integer.IsEqual(Skin.String(Hub.Home.ReplaceWindow),1125)">ReplaceWindow(Home)</onload>
    <controls>
        <include content="Hub_Controls" condition="!Integer.IsEqual(Skin.String(Hub.Home.ReplaceWindow),1125)">
            <param name="window_id">1125</param>
            <param name="property_window_id">1125</param>
            <param name="widgets_only">Skin.HasSetting(Hub.1125.DisableSubmenu)</param>
            <param name="widgets_include">skinvariables-1125menu-widgets</param>
            <param name="categories">1125menu</param>
        </include>
    </controls>
</window>