<?xml version="1.0" encoding="UTF-8"?>
<includes>

    <include name="Furniture_Top">
        <param name="enabled">true</param>
        <param name="id" />
        <param name="label">[CAPITALIZE]$VAR[Label_Header_Main][/CAPITALIZE]</param>
        <param name="textcolor">main_fg_50</param>
        <param name="textcolor_sublabel">main_fg_70</param>
        <param name="shadowcolor_sublabel">main_bg_12</param>
        <param name="include_topbar_animation">$EXP[Exp_HomeMenu_IsTopBar]</param>
        <param name="clock">Skin.HasSetting(Furniture.EnableClock.TopLeft)</param>
		<param name="include_left_datelabel">true</param>
        <definition>
            <include content="_Furniture_Top" condition="$PARAM[enabled]">
                <param name="id">$PARAM[id]</param>
                <param name="label">$PARAM[label]</param>
                <param name="textcolor">$PARAM[textcolor]</param>
                <param name="textcolor_sublabel">$PARAM[textcolor_sublabel]</param>
                <param name="shadowcolor_sublabel">$PARAM[shadowcolor_sublabel]</param>
                <param name="include_topbar_animation">$PARAM[include_topbar_animation]</param>
                <param name="include_left_datelabel">$PARAM[include_left_datelabel]</param>
                <param name="clock">$PARAM[clock]</param>
            </include>
        </definition>
    </include>
    <include name="_Furniture_Top">
        <control type="group">
            <include>Dimension_Topbar</include>
            <include condition="$PARAM[include_topbar_animation]">Animation_View_Topbar</include>
            <control type="group">
                <include>Dimension_Furniture_Gutters</include>
                <animation effect="slide" start="0" end="0,-15" condition="!Skin.HasSetting(Furniture.EnableClock) + [Window.IsVisible(MyPVRGuide.xml) | Window.IsVisible(MyPVRChannels.xml) | $PARAM[clock]]">Conditional</animation>
                <include content="Furniture_MainLabel">
                    <param name="id">$PARAM[id]</param>
                    <param name="textcolor">$PARAM[textcolor]</param>
                    <param name="label">$PARAM[label]</param>
                </include>
                <include content="Furniture_DateLabel" condition="$PARAM[include_left_datelabel]">
                    <param name="textcolor">$PARAM[textcolor_sublabel]</param>
                    <param name="shadowcolor">$PARAM[shadowcolor_sublabel]</param>
                    <param name="visible">!Skin.HasSetting(Furniture.EnableClock) + [Window.IsVisible(MyPVRGuide.xml) | Window.IsVisible(MyPVRChannels.xml) | $PARAM[clock]]</param>
                </include>
            </control>
        </control>
    </include>


    <include name="Furniture_Bottom_Right">
        <param name="enabled">!Skin.HasSetting(Furniture.BottomRight.Disable)</param>
        <definition>
			<include content="RSS_Furniture_Bottom_Right" condition="Skin.HasSetting(RSS.LeftFooter) + String.IsEqual(Window(Home).Property(KodiSetting.RSSFeeds.Value),True) + [[String.IsEmpty(Skin.String(Furniture.BottomLeft.Enable)) + Window.IsVisible(DialogVideoInfo.xml)] | [Skin.String(Furniture.BottomLeft.Enable,Library) + [Window.IsVisible(DialogVideoInfo.xml) | Window.IsVisible(MyVideoNav.xml)]] | Skin.String(Furniture.BottomLeft.Enable,Always)]">
			</include>
            <include content="_Furniture_Bottom_Right" condition="$PARAM[enabled]">
            </include>			
        </definition>
    </include>
    <include name="_Furniture_Bottom_Right">
        <control type="group">
            <include>Dimension_Bottombar</include>		
            <control type="group">
                <include>Dimension_Furniture_Gutters</include>				
                <control type="group">
                    <visible>Skin.HasSetting(Furniture.DisableNowPlaying) | !Player.HasMedia</visible>
                    <include content="Info_Studio" condition="![Skin.HasSetting(Furniture.EnableClock) | $EXP[Exp_Furniture_PVR]]">
                        <centertop>50%</centertop>
                    </include>
                    <include content="Furniture_Clock" condition="Skin.HasSetting(Furniture.EnableClock)">
                        <param name="flipx">true</param>
                        <param name="topshadowcolor">main_bg_50</param>
                        <param name="bottomshadowcolor">main_bg_50</param>
                    </include>
                </control>
                <include condition="!Skin.HasSetting(Furniture.DisableNowPlaying)">Furniture_NowPlaying</include>				
            </control>
        </control>
    </include>
	
	<include name="RSS_Furniture_Bottom_Right">
        <control type="group">
            <include>Dimension_Bottombar</include>
			<control type="group">
				<visible>[Window.IsVisible(Home) | Window.IsVisible(1101) | Window.IsVisible(1102) | Window.IsVisible(1103) | Window.IsVisible(1104) | Window.IsVisible(1105) | Window.IsVisible(1106) | Window.IsVisible(1107) | Window.IsVisible(1108) | Window.IsVisible(1109) | Window.IsVisible(1110) | Window.IsVisible(1112) | Window.IsVisible(1114) | Window.IsVisible(1125) | Window.IsVisible(1126) | Window.IsVisible(1127) | Window.IsVisible(1185) | Window.IsVisible(MyVideoNav.xml) | Window.IsVisible(DialogVideoInfo.xml)]</visible>
				<control type="image">	
					<visible>[!Control.IsVisible(419) | [$EXP[Exp_Hubs_Spotlight_IsVisible] + ![$EXP[Exp_HomeMenu_IsTopBar] + $EXP[Exp_Hubs_Spotlight_IsSlide] + Control.IsVisible(311)]]]</visible>
					<left>-280</left>
					<width>3000</width>					
					<bottom>-82</bottom>
					<height>200</height>
					<texture colordiffuse="main_bg_100" border="20">common/gradient-box-v.png</texture>
				</control>
				<control type="rss">					
					<left>-200</left>
					<bottom>-65</bottom>
					<height>32</height>
					<right>-80</right>
					<font>font_mini_bold</font>
					<textcolor>main_fg_50</textcolor>
					<headlinecolor>main_fg_70</headlinecolor>
					<titlecolor>main_fg_90</titlecolor>
				</control>				
			</control>            
        </control>
    </include>
	
    <include name="Furniture_Bottom_WidgetGroups">
        <param name="label">$VAR[Label_NextWidget]</param>
        <param name="icon">$VAR[Image_NextWidget]</param>
        <definition>
            <include content="_Furniture_Bottom_WidgetGroups" condition="!$EXP[Exp_Footer_BottomLeft_IsVisible]">
                <param name="icon">$PARAM[icon]</param>
                <param name="label">$PARAM[label]</param>
                <param name="dim">$PARAM[dim]</param>
                <param name="condition">$PARAM[condition]</param>
            </include>
        </definition>
    </include>
    <include name="_Furniture_Bottom_WidgetGroups">
        <control type="group">
            <include>Dimension_Bottombar</include>
            <control type="group">
                <include>Dimension_Furniture_Gutters</include>
                <control type="group">
                    <include>Transitions_Lower_Visibility</include>
                    <control type="group">
                        <visible>!Window.IsVisible(1171)</visible>
                        <include content="Animation_Widget_FadeOut">
                            <param name="condition">$PARAM[condition]</param>
                            <param name="dim">$PARAM[dim]</param>
                        </include>
                        <control type="group">
                            <top>10</top>
                            <height>35</height>
                            <include content="Info_Viewline">
                                <param name="library_condition">false</param>
                                <param name="label">$PARAM[label]</param>
                                <param name="custom_icon_condition">Skin.HasSetting(Furniture.EnableViewLineIcons)</param>
                                <param name="custom_icon">$PARAM[icon]</param>
                                <top>0</top>
                                <left>0</left>
                            </include>
                        </control>
                    </control>
                </control>
            </control>
        </control>
    </include>

    <include name="Furniture_NowPlaying">
        <control type="group">
            <visible>Player.HasMedia</visible>
            <visible>!Player.HasVideo | !Skin.HasSetting(Background.DisableVideo)</visible>
            <right>-20</right>
            <height>80</height>
            <centertop>50%</centertop>
            <control type="group">
                <centertop>50%</centertop>
                <height>50</height>
                <width>50</width>
                <right>20</right>
                <include content="Info_FooterItemIcon">
                    <param name="icon">$VAR[Image_NowPlaying_PlayPause]</param>
                    <param name="centered">true</param>
                    <param name="size">50</param>
                </include>
                <control type="group">
                    <centerleft>50%</centerleft>
                    <centertop>50%</centertop>
                    <height>100</height>
                    <width>100</width>
                    <control type="image">
                        <bordersize>-4</bordersize>
                        <texture colordiffuse="$VAR[ColorHighlight]" flipx="true" flipy="true">$INFO[Player.Progress,progress/circle/p,.png]</texture>
                        <aspectratio align="center" aligny="center">keep</aspectratio>
                    </control>
                    <control type="image">
                        <bordersize>-4</bordersize>
                        <texture colordiffuse="$VAR[ColorGradient]" flipx="true" flipy="true">$INFO[Player.Progress,progress/circle/p,.png]</texture>
                        <animation effect="fade" end="66" condition="true">Conditional</animation>
                        <aspectratio align="center" aligny="center">keep</aspectratio>
                        <include content="Defs_Progress_Colorfade">
                            <param name="id">933</param>
                        </include>
                    </control>
                </control>
                <control type="progress" id="933">
                    <height>1</height>
                    <width>1</width>
                    <left>-1000</left>
                    <texturebg />
                    <lefttexture />
                    <midtexture />
                    <righttexture />
                    <info>Player.Progress</info>
                    <visible>false</visible>
                </control>
            </control>
            <control type="group">
                <height>80</height>
                <centertop>50%</centertop>
                <include content="Furniture_NowPlaying_Text">
                    <param name="title_w">240</param>
                    <param name="sublabel_music_w">115</param>
                    <param name="sublabel_video_w">62</param>
                    <param name="visible">$EXP[Exp_ScrollbarVisible_H]</param>
                </include>
                <include content="Furniture_NowPlaying_Text">
                    <param name="visible">!$EXP[Exp_ScrollbarVisible_H]</param>
                </include>
            </control>
        </control>
    </include>

    <include name="Furniture_NowPlaying_Text">
        <param name="title_w">360</param>
        <param name="sublabel_music_w">235</param>
        <param name="sublabel_video_w">182</param>
        <param name="visible">true</param>
        <definition>
            <control type="group">
                <visible>$PARAM[visible]</visible>
                <right>100</right>
                <control type="grouplist">
                    <orientation>horizontal</orientation>
                    <align>right</align>
                    <include content="Object_InfoCircle_Text_Top">
                        <width max="$PARAM[title_w]">auto</width>
                        <label>$VAR[Label_NowPlayingTitle]</label>
                    </include>
                </control>
                <control type="grouplist">
                    <orientation>horizontal</orientation>
                    <align>right</align>
                    <itemgap>7</itemgap>
                    <visible>!Player.HasVideo</visible>
                    <include content="Object_InfoCircle_Text_Sub">
                        <label>$VAR[Label_NowPlayingSubLabel]</label>
                        <width max="$PARAM[sublabel_music_w]">auto</width>
                    </include>
                    <include content="Object_InfoCircle_Text_Sub">
                        <label>$INFO[Player.Time(mm:ss)]$INFO[Player.Duration(mm:ss), / ,]</label>
                        <width>auto</width>
                        <align>right</align>
                    </include>
                </control>
                <control type="grouplist">
                    <orientation>horizontal</orientation>
                    <align>right</align>
                    <itemgap>7</itemgap>
                    <visible>Player.HasVideo</visible>
                    <include content="Object_InfoCircle_Text_Sub">
                        <label>$VAR[Label_NowPlayingSubLabel]</label>
                        <width max="$PARAM[sublabel_video_w]">auto</width>
                    </include>
                    <include content="Object_InfoCircle_Text_Sub">
                        <label>$INFO[Player.Time(hh:mm:ss)]$INFO[Player.Duration(hh:mm:ss), / ,]</label>
                        <width>auto</width>
                        <align>right</align>
                    </include>
                </control>
            </control>
        </definition>
    </include>

    <include name="Furniture_Bottom_Left">
        <param name="enabled">true</param>
        <definition>
            <include content="_Furniture_Bottom_Left" condition="$PARAM[enabled]">
                <param name="container">$PARAM[container]</param>
            </include>
        </definition>
    </include>
    <include name="_Furniture_Bottom_Left">
        <control type="group">
            <include>Dimension_Bottombar</include>
            <control type="group">
                <include>Dimension_Furniture_Gutters</include>
                <include content="Info_Media" condition="!$EXP[Exp_Furniture_PVR]">
                    <param name="align">left</param>
                    <param name="container">$PARAM[container]</param>
                </include>				
            </control>
        </control>
    </include>

    <include name="Furniture_DateLabel">
        <param name="label">$INFO[System.Time] [COLOR=main_fg_30]•[/COLOR] $INFO[System.Date]</param>
        <param name="font">font_tiny</param>
        <definition>
            <control type="label">
                <aligny>center</aligny>
                <width>auto</width>
                <font>$PARAM[font]</font>
                <label>$PARAM[label]</label>
                <textcolor>$PARAM[textcolor]</textcolor>
                <shadowcolor>$PARAM[shadowcolor]</shadowcolor>
                <bottom>-30</bottom>
                <height>50</height>
                <visible>$PARAM[visible]</visible>
            </control>
        </definition>
    </include>
	
	<include name="Furniture_Right_SlidingFade">
        <animation effect="slide" start="0" end="-80" tween="back" easing="out" time="400" reversible="false" condition="Window.IsVisible(volumebar) | Window.IsVisible(DialogBusy.xml) | [Window.IsVisible(1190) + !$EXP[Exp_InfoDialogs]]">Conditional</animation>
        <animation effect="slide" start="-80" end="0" tween="back" easing="out" time="400" reversible="false" condition="![Window.IsVisible(volumebar) | Window.IsVisible(DialogBusy.xml) | [Window.IsVisible(1190) + !$EXP[Exp_InfoDialogs]]]">Conditional</animation>
        <animation effect="fade" start="100" end="0" time="200" reversible="false" condition="Window.IsVisible(DialogNotification.xml)">Conditional</animation>
        <animation effect="fade" start="0" end="100" time="200" delay="200" reversible="false" condition="!Window.IsVisible(DialogNotification.xml)">Conditional</animation>
    </include>
	
	<include name="Furniture_DateLabel_TopRight">
	<param name="font_top">font_main</param>
	<param name="font_bottom">font_tiny</param>
	<param name="visible">!Skin.HasSetting(Furniture.EnableClock) + [Window.IsVisible(MyPVRGuide.xml) | Window.IsVisible(MyPVRChannels.xml) | Skin.HasSetting(Furniture.EnableClock.TopLeft)]</param>
        <definition>		    
			<control type="group">
			    <top>view_pad</top>
				<right>view_pad</right>
				<height>view_bar</height>
				<include condition="$EXP[Exp_HomeMenu_IsTopBar] + !$EXP[Exp_InfoDialogs]">Animation_View_Topbar</include>
				<include content="Animation_View_SlideOver_Invert" condition="!Window.IsVisible(1132)">
					<param name="time">400</param>
				</include>	
				<include>Furniture_Right_SlidingFade</include>
				<control type="group">
					<include>Dimension_Furniture_Gutters</include>
					<animation effect="slide" start="0" end="0,-15" condition="$PARAM[visible]">Conditional</animation>
					<control type="label">
					    <align>right</align>
						<aligny>center</aligny>
						<width>auto</width>
						<font>$PARAM[font_top]</font>
						<label>$INFO[System.Time]</label>
						<textcolor>main_fg_90</textcolor>
						<shadowcolor>main_bg_12</shadowcolor>
						<bottom>0</bottom>
						<height>50</height>
						<visible>$PARAM[visible]</visible>
					</control>
					<control type="label">
						<align>right</align>
						<aligny>center</aligny>
						<width>auto</width>
						<font>$PARAM[font_bottom]</font>
						<label>$INFO[System.Date]</label>
						<textcolor>main_fg_90</textcolor>
						<shadowcolor>main_bg_12</shadowcolor>
						<bottom>-30</bottom>
						<height>50</height>
						<visible>$PARAM[visible]</visible>
					</control>					
				</control>
			</control>			
        </definition>
    </include>

    <include name="Furniture_Bottom">
        <include>Furniture_Bottom_Left</include>
        <include>Furniture_Bottom_Right</include>
    </include>

    <include name="Furniture_MainLabel">
        <param name="id" />
        <param name="textcolor">main_fg_100</param>
        <param name="width">100%</param>
        <param name="visible">true</param>
        <definition>
            <control type="label" id="$PARAM[id]">
                <label>$PARAM[label]</label>
                <font>font_midi_black</font>
                <textcolor>$PARAM[textcolor]</textcolor>
                <width max="$PARAM[max]">$PARAM[width]</width>
                <visible>$PARAM[visible]</visible>
            </control>
        </definition>
    </include>

    <include name="Furniture_Busy_Spinner">
        <control type="image">
            <visible>$PARAM[spinnervisible]</visible>
            <bordersize>-4</bordersize>
            <include content="Animation_Fade_Out">
                <param name="type">hidden</param>
                <param name="delay">200</param>
            </include>
            <include content="Defs_BusySpinner_Image">
                <param name="spinspinner">$PARAM[spinspinner]</param>
            </include>
        </control>
    </include>

    <include name="Furniture_Busy_Icon">
        <param name="hasspinner">false</param>
        <param name="hasprogress">false</param>
        <param name="hasicon">true</param>
        <param name="icon">special://skin/extras/icons/kodi.png</param>
        <param name="spinspinner">false</param>
        <param name="spinnervisible">true</param>
        <param name="include_right">false</param>
        <param name="right">0</param>
		<param name="flipspinner">true</param>
        <definition>
            <control type="group">
                <description>Busy animation</description>
                <include content="Object_Height" condition="!Skin.HasSetting(ToastNotifications.Tabbed)">
                    <param name="height">50</param>
                </include>
                <include content="Object_Width" condition="!Skin.HasSetting(ToastNotifications.Tabbed)">
                    <param name="width">50</param>
                </include>
                <width>40</width>
                <height>40</height>
                <centertop>50%</centertop>
                <include content="Object_Right" condition="$PARAM[include_right]">
                    <param name="right">$PARAM[right]</param>
                </include>

                <control type="group">

                    <include content="Info_FooterItemIcon" condition="$PARAM[hasicon] + Skin.HasSetting(ToastNotifications.Tabbed)">
                        <param name="icon">$PARAM[icon]</param>
                        <param name="centered">true</param>
                        <param name="size">40</param>
                    </include>
                    <include content="Info_FooterItemIcon" condition="$PARAM[hasicon] + !Skin.HasSetting(ToastNotifications.Tabbed)">
                        <param name="icon">$PARAM[icon]</param>
                        <param name="centered">true</param>
                        <param name="size">50</param>
                    </include>

                    <control type="group">
                        <centerleft>50%</centerleft>
                        <centertop>50%</centertop>
                        <include content="Object_Height" condition="!Skin.HasSetting(ToastNotifications.Tabbed)">
                            <param name="height">100</param>
                        </include>
                        <include content="Object_Width" condition="!Skin.HasSetting(ToastNotifications.Tabbed)">
                            <param name="width">100</param>
                        </include>
                        <width>80</width>
                        <height>80</height>
                        <include content="Furniture_Busy_Spinner" condition="$PARAM[hasspinner]">
                            <param name="spinnervisible">$PARAM[spinnervisible]</param>
                            <param name="spinspinner">$PARAM[spinspinner]</param>
                        </include>
                        <include content="Object_Control" condition="$PARAM[hasprogress]">
                            <param name="control">group</param>
                            <description>Busy animation</description>
                            <animation effect="rotate" condition="$PARAM[spinspinner]" start="0" end="360" loop="true" time="2000" center="auto">Conditional</animation>
                            <description>Busy animation</description>
                            <visible>$PARAM[spinnervisible]</visible>
                            <include content="Animation_Fade_Out">
                                <param name="type">hidden</param>
                                <param name="delay">200</param>
                            </include>
                            <control type="image">
                                <bordersize>-4</bordersize>
                                <texture colordiffuse="$VAR[ColorHighlight]" flipx="$PARAM[flipspinner]" flipy="$PARAM[flipspinner]">$INFO[$PARAM[progress],progress/circle/p,.png]</texture>
                                <aspectratio align="center" aligny="center">keep</aspectratio>
                            </control>
                            <control type="image">
                                <bordersize>-4</bordersize>
                                <texture colordiffuse="$VAR[ColorGradient]" flipx="$PARAM[flipspinner]" flipy="$PARAM[flipspinner]">$INFO[$PARAM[progress],progress/circle/p,.png]</texture>
                                <animation effect="fade" end="66" condition="true">Conditional</animation>
                                <aspectratio align="center" aligny="center">keep</aspectratio>
                                <include content="Defs_Progress_Colorfade">
                                    <param name="id">$PARAM[progress_id]</param>
                                </include>
                            </control>
                        </include>
                    </control>
                </control>
            </control>
        </definition>
    </include>

    <include name="Furniture_Busy_Group_Background">
        <definition>
            <control type="group">
                <top>-320</top>
                <control type="group">
                    <include content="Dialog_Background_Blur">
                        <param name="diffuse">diffuse/dialog_w480_h400.png</param>
                        <param name="flipy">true</param>
                    </include>
                </control>
                <control type="image">
                    <texture colordiffuse="dialog_fg_12" border="20">common/dialog.png</texture>
                </control>
            </control>
        </definition>
    </include>

    <include name="Furniture_Busy_Text">
        <definition>
            <control type="group">
                <left>20</left>
                <right>80</right>
                <include content="Object_InfoCircle_Text_Top">
                    <param name="id">$PARAM[mainlabel_id]</param>
                    <label>$PARAM[mainlabel]</label>
                    <textcolor>dialog_fg_90</textcolor>
                </include>
                <include content="Object_InfoCircle_Text_Sub">
                    <param name="id">$PARAM[minilabel_id]</param>
                    <label>$PARAM[minilabel]</label>
                    <textcolor>dialog_fg_70</textcolor>
                </include>
            </control>
        </definition>
    </include>

    <include name="Furniture_Busy_FloatingText">
        <definition>
            <control type="group">
                <left>20</left>
                <right>100</right>
                <control type="label" id="$PARAM[mainlabel_id]">
                    <include>Dimension_Object_InfoCircle_Text_Top</include>
                    <font>font_mini_black</font>
                    <align>right</align>
                    <label>$PARAM[mainlabel]</label>
                    <textcolor>main_fg_100</textcolor>
                </control>
                <control type="label" id="$PARAM[minilabel_id]">
                    <include>Dimension_Object_InfoCircle_Text_Sub</include>
                    <font>font_tiny</font>
                    <align>right</align>
                    <label>$PARAM[minilabel]</label>
                    <shadowcolor>main_bg_12</shadowcolor>
                    <textcolor>main_fg_70</textcolor>
                </control>
            </control>
        </definition>
    </include>

    <include name="Furniture_Busy_Base">
        <param name="hasspinner">false</param>
        <param name="hasprogress">false</param>
        <param name="hasicon">true</param>
        <param name="spinspinner">false</param>
        <param name="spinnervisible">true</param>
        <param name="hasbackground">Skin.HasSetting(ToastNotifications.Tabbed)</param>
        <param name="icon" />
        <param name="progress" />
        <param name="progress_id" />
        <definition>
            <include condition="$PARAM[hasbackground]">Furniture_Busy_Group_Background</include>

            <include content="Furniture_Busy_Icon">
                <param name="hasspinner">$PARAM[hasspinner]</param>
                <param name="hasprogress">$PARAM[hasprogress]</param>
                <param name="hasicon">$PARAM[hasicon]</param>
                <param name="spinspinner">$PARAM[spinspinner]</param>
				<param name="flipspinner">$PARAM[flipspinner]</param>
                <param name="icon">$PARAM[icon]</param>
                <param name="progress">$PARAM[progress]</param>
                <param name="progress_id">$PARAM[progress_id]</param>
                <param name="spinnervisible">$PARAM[spinnervisible]</param>
                <param name="include_right">true</param>
                <param name="right">20</param>
            </include>

        </definition>
    </include>

    <include name="Furniture_Busy_Main">
        <param name="mainlabel">$LOCALIZE[20186]</param>
        <param name="minilabel">$LOCALIZE[31023]...</param>
        <param name="haslabel">true</param>
        <param name="hasbackground">Skin.HasSetting(ToastNotifications.Tabbed)</param>
        <param name="visible_delay" />
        <param name="visible_condition" />
        <param name="windowopen_delay" />
        <param name="windowopen_condition" />
        <param name="mainlabel_id" />
        <param name="minilabel_id" />
        <definition>

            <include condition="$PARAM[hasbackground]">Dimension_FurnitureBusy_Tabbed</include>
            <include condition="![$PARAM[hasbackground]]">Dimension_FurnitureBusy_Floating</include>

            <include content="Animation_SlideIn_Dialog">
                <param name="visible_delay">$PARAM[visible_delay]</param>
                <param name="visible_condition">$PARAM[visible_condition]</param>
                <param name="windowopen_delay">$PARAM[windowopen_delay]</param>
                <param name="windowopen_condition">$PARAM[windowopen_condition]</param>
            </include>

            <include content="Furniture_Busy_Text" condition="$PARAM[haslabel] + $PARAM[hasbackground]">
                <param name="mainlabel_id">$PARAM[mainlabel_id]</param>
                <param name="mainlabel">$PARAM[mainlabel]</param>
                <param name="minilabel_id">$PARAM[minilabel_id]</param>
                <param name="minilabel">$PARAM[minilabel]</param>
            </include>

            <include content="Furniture_Busy_FloatingText" condition="$PARAM[haslabel] + ![$PARAM[hasbackground]]">
                <param name="mainlabel_id">$PARAM[mainlabel_id]</param>
                <param name="mainlabel">$PARAM[mainlabel]</param>
                <param name="minilabel_id">$PARAM[minilabel_id]</param>
                <param name="minilabel">$PARAM[minilabel]</param>
            </include>
        </definition>
    </include>

    <include name="Furniture_Busy">
        <param name="mainlabel">$LOCALIZE[20186]</param>
        <param name="minilabel">$LOCALIZE[31023]...</param>
        <param name="hasspinner">false</param>
        <param name="hasprogress">false</param>
        <param name="haslabel">true</param>
        <param name="hasicon">true</param>
        <param name="spinspinner">false</param>
        <param name="spinnervisible">true</param>
        <param name="hasbackground">Skin.HasSetting(ToastNotifications.Tabbed)</param>
        <param name="visible">true</param>
        <definition>

            <control type="group">

                <include content="Furniture_Busy_Base">
                    <param name="hasspinner">$PARAM[hasspinner]</param>
                    <param name="hasprogress">$PARAM[hasprogress]</param>
                    <param name="hasicon">$PARAM[hasicon]</param>
                    <param name="spinspinner">$PARAM[spinspinner]</param>
					<param name="flipspinner">$PARAM[flipspinner]</param>
                    <param name="spinnervisible">$PARAM[spinnervisible]</param>
                    <param name="hasbackground">$PARAM[hasbackground]</param>
                    <param name="icon">$PARAM[icon]</param>
                    <param name="progress">$PARAM[progress]</param>
                    <param name="progress_id">$PARAM[progress_id]</param>
                </include>

                <visible>$PARAM[visible]</visible>

                <include content="Furniture_Busy_Main">
                    <param name="mainlabel">$PARAM[mainlabel]</param>
                    <param name="minilabel">$PARAM[minilabel]</param>
                    <param name="haslabel">$PARAM[haslabel]</param>
                    <param name="hasbackground">$PARAM[hasbackground]</param>
                    <param name="visible_delay">$PARAM[visible_delay]</param>
                    <param name="visible_condition">$PARAM[visible_condition]</param>
                    <param name="windowopen_delay">$PARAM[windowopen_delay]</param>
                    <param name="windowopen_condition">$PARAM[windowopen_condition]</param>
                    <param name="mainlabel_id">$PARAM[mainlabel_id]</param>
                    <param name="minilabel_id">$PARAM[minilabel_id]</param>
                </include>
            </control>

        </definition>
    </include>

    <include name="Furniture_Clock">
        <param name="flipx">true</param>
        <param name="toplabel">$INFO[System.Time]</param>
        <param name="bottomlabel">$INFO[System.Date]</param>
        <param name="topcolor">main_fg_90</param>
        <param name="bottomcolor">main_fg_70</param>
        <param name="topfont">font_mini_black</param>
        <param name="bottomfont">font_tiny</param>
        <param name="centerfont">font_mini</param>
        <definition>
            <control type="group">
                <include content="Object_Left" condition="!$PARAM[flipx]">
                    <param name="left">-20</param>
                </include>
                <include content="Object_Right" condition="$PARAM[flipx]">
                    <param name="right">-20</param>
                </include>
                <control type="group">
                    <centertop>50%</centertop>
                    <height>50</height>
                    <width>50</width>
                    <include content="Object_Left" condition="!$PARAM[flipx]">
                        <param name="left">20</param>
                    </include>
                    <include content="Object_Right" condition="$PARAM[flipx]">
                        <param name="right">20</param>
                    </include>
                    <include content="Info_FooterItemIcon">
                        <param name="icon">special://skin/extras/icons/_none.png</param>
                        <param name="bordersize">12</param>
                        <param name="centered">true</param>
                        <param name="size">50</param>
                    </include>
                    <control type="group">
                        <centerleft>50%</centerleft>
                        <centertop>50%</centertop>
                        <width>40</width>
                        <height>40</height>
                        <control type="image">
                            <texture diffuse="clock/minute_diffuse.png" colordiffuse="main_bg_100">$INFO[System.Time(mm),clock/minutes/,.png]</texture>
                        </control>
                        <control type="image">
                            <texture diffuse="clock/hour_diffuse.png" colordiffuse="main_bg_100">$INFO[System.Time(h),clock/hours/,.png]</texture>
                        </control>
                        <control type="image">
                            <centerleft>50%</centerleft>
                            <centertop>50%</centertop>
                            <width>8</width>
                            <height>8</height>
                            <texture colordiffuse="main_bg_100">common/circle.png</texture>
                        </control>
                    </control>

                </control>
                <control type="group">
                    <height>80</height>
                    <centertop>50%</centertop>
                    <include content="Object_Left" condition="!$PARAM[flipx]">
                        <param name="left">100</param>
                    </include>
                    <include content="Object_Right" condition="$PARAM[flipx]">
                        <param name="right">100</param>
                    </include>
                    <include content="Object_InfoCircle_Text_Top">
                        <label>$PARAM[toplabel]</label>
                        <include content="Object_Align" condition="!$PARAM[flipx]">
                            <param name="align">left</param>
                        </include>
                        <include content="Object_Align" condition="$PARAM[flipx]">
                            <param name="align">right</param>
                        </include>
                        <font>$PARAM[topfont]</font>
                        <textcolor>$PARAM[topcolor]</textcolor>
                        <shadowcolor>$PARAM[topshadowcolor]</shadowcolor>
                    </include>
                    <include content="Object_InfoCircle_Text_Sub">
                        <label>$PARAM[bottomlabel]</label>
                        <include content="Object_Align" condition="!$PARAM[flipx]">
                            <param name="align">left</param>
                        </include>
                        <include content="Object_Align" condition="$PARAM[flipx]">
                            <param name="align">right</param>
                        </include>
                        <font>$PARAM[bottomfont]</font>
                        <textcolor>$PARAM[bottomcolor]</textcolor>
                        <shadowcolor>$PARAM[bottomshadowcolor]</shadowcolor>
                    </include>

                </control>
            </control>
        </definition>
    </include>

</includes>
