{
    "infolabels": {
        "skinstring_lastbuildtime": "Skin.String(Shortcuts.RebuildDateTime)",
        "skinstring_furniturebottomleft": "Skin.String(Furniture.BottomLeft.Enable)"
    },
    "values": {
        "skinsetting_movebetweengroups": [
            {
                "rules": ["Skin.HasSetting(Hub.Home.DisableMoveBetweenGroups)"],
                "value": "DisableMoveBetweenGroups"
            },
            "EnableMoveBetweenGroups"
        ]
    },
    "actions": [
        "route=action=buildtemplate&background=false&lastbuildtime={skinstring_lastbuildtime}&skinstring_furniturebottomleft={skinstring_furniturebottomleft}&skinsetting_movebetweengroups={skinsetting_movebetweengroups}"
    ]
}