{
    "name": "Video Library",
    "icon": "",
    "list": [
        {
            "name": "Library",
            "icon": "",
            "path": "library://video/"
        },
        {
            "name": "Files",
            "icon": "",
            "path": "library://video/files.xml/"
        },
        {
            "name": "Playlists",
            "icon": "",
            "path": "library://video/playlists.xml/"
        },
        {
            "name": "Add-ons",
            "icon": "",
            "path": "library://video/addons.xml/"
        }
    ]
}


