<?xml version="1.0" encoding="UTF-8"?>
<includes>
     <!-- Selected Color -->
    <variable name="Shortcuts_ColorSelected_30">
        <value condition="!ControlGroup(2800).HasFocus()">main_fg_30</value>        
        <value>$VAR[ColorSelected_30]</value>
    </variable>

    <include name="Shortcuts_Window_Content">
        <control type="group" id="340">
            <top>-20</top>
            <include>Shortcuts_Window_MainMenu</include>
            <include>Shortcuts_Window_Content_Spotlight</include>
            <include>Shortcuts_Window_Content_Categories</include>
            <include>Shortcuts_Window_Content_Widgets</include>
            <include>Shortcuts_Window_Content_Tray</include>
        </control>
    </include>

    <expression name="Shortcuts_Dialog_Exp_IsWidgetMode">[String.IsEqual(Window(Home).Property(Shortcuts.EditMode),mode=widgets) | String.IsEqual(Window(Home).Property(Shortcuts.EditMenu),menu=searchmenu) | String.EndsWith(Window(Home).Property(Shortcuts.EditMenu),-widgetsonly) | String.EndsWith(Window(Home).Property(Shortcuts.EditMenu),-globalwidgets) | String.EndsWith(Window(Home).Property(Shortcuts.EditMenu),-extendedwidgets)]</expression>

    <expression name="Shortcuts_Dialog_Exp_WidgetsOnly">[[Skin.HasSetting(Hub.Home.DisableSubmenu) + String.IsEqual(Window(Home).Property(Shortcuts.EditMenu),menu=homemenu)] | [Skin.HasSetting(Hub.1101.DisableSubmenu) + String.IsEqual(Window(Home).Property(Shortcuts.EditMenu),menu=1101menu)] | [Skin.HasSetting(Hub.1102.DisableSubmenu) + String.IsEqual(Window(Home).Property(Shortcuts.EditMenu),menu=1102menu)] | [Skin.HasSetting(Hub.1103.DisableSubmenu) + String.IsEqual(Window(Home).Property(Shortcuts.EditMenu),menu=1103menu)] | [Skin.HasSetting(Hub.1104.DisableSubmenu) + String.IsEqual(Window(Home).Property(Shortcuts.EditMenu),menu=1104menu)] | [Skin.HasSetting(Hub.1106.DisableSubmenu) + String.IsEqual(Window(Home).Property(Shortcuts.EditMenu),menu=1106menu)] | [Skin.HasSetting(Hub.1107.DisableSubmenu) + String.IsEqual(Window(Home).Property(Shortcuts.EditMenu),menu=1107menu)] | [Skin.HasSetting(Hub.1108.DisableSubmenu) + String.IsEqual(Window(Home).Property(Shortcuts.EditMenu),menu=1108menu)] | [Skin.HasSetting(Hub.1109.DisableSubmenu) + String.IsEqual(Window(Home).Property(Shortcuts.EditMenu),menu=1109menu)] | [Skin.HasSetting(Hub.1110.DisableSubmenu) + String.IsEqual(Window(Home).Property(Shortcuts.EditMenu),menu=1110menu)] | [Skin.HasSetting(Hub.1112.DisableSubmenu) + String.IsEqual(Window(Home).Property(Shortcuts.EditMenu),menu=1112menu)] | [Skin.HasSetting(Hub.1114.DisableSubmenu) + String.IsEqual(Window(Home).Property(Shortcuts.EditMenu),menu=1114menu)] | [Skin.HasSetting(Hub.1125.DisableSubmenu) + String.IsEqual(Window(Home).Property(Shortcuts.EditMenu),menu=1125menu)] | [Skin.HasSetting(Hub.1126.DisableSubmenu) + String.IsEqual(Window(Home).Property(Shortcuts.EditMenu),menu=1126menu)] | [Skin.HasSetting(Hub.1127.DisableSubmenu) + String.IsEqual(Window(Home).Property(Shortcuts.EditMenu),menu=1127menu)]]</expression>

    <expression name="Shortcuts_Window_Exp_WidgetsOnly">[[Skin.HasSetting(Hub.Home.DisableSubmenu) + String.IsEqual(Window.Property(categories_menu),menu=homemenu)] | [Skin.HasSetting(Hub.1101.DisableSubmenu) + String.IsEqual(Window.Property(categories_menu),menu=1101menu)] | [Skin.HasSetting(Hub.1102.DisableSubmenu) + String.IsEqual(Window.Property(categories_menu),menu=1102menu)] | [Skin.HasSetting(Hub.1103.DisableSubmenu) + String.IsEqual(Window.Property(categories_menu),menu=1103menu)] | [Skin.HasSetting(Hub.1104.DisableSubmenu) + String.IsEqual(Window.Property(categories_menu),menu=1104menu)] | [Skin.HasSetting(Hub.1106.DisableSubmenu) + String.IsEqual(Window.Property(categories_menu),menu=1106menu)] | [Skin.HasSetting(Hub.1107.DisableSubmenu) + String.IsEqual(Window.Property(categories_menu),menu=1107menu)] | [Skin.HasSetting(Hub.1108.DisableSubmenu) + String.IsEqual(Window.Property(categories_menu),menu=1108menu)] | [Skin.HasSetting(Hub.1109.DisableSubmenu) + String.IsEqual(Window.Property(categories_menu),menu=1109menu)] | [Skin.HasSetting(Hub.1110.DisableSubmenu) + String.IsEqual(Window.Property(categories_menu),menu=1110menu)] | [Skin.HasSetting(Hub.1112.DisableSubmenu) + String.IsEqual(Window.Property(categories_menu),menu=1112menu)] | [Skin.HasSetting(Hub.1114.DisableSubmenu) + String.IsEqual(Window.Property(categories_menu),menu=1114menu)] | [Skin.HasSetting(Hub.1125.DisableSubmenu) + String.IsEqual(Window.Property(categories_menu),menu=1125menu)] | [Skin.HasSetting(Hub.1126.DisableSubmenu) + String.IsEqual(Window.Property(categories_menu),menu=1126menu)] | [Skin.HasSetting(Hub.1127.DisableSubmenu) + String.IsEqual(Window.Property(categories_menu),menu=1127menu)]]</expression>
    
    <expression name="Shortcuts_Window_Exp_BasicWidgets">[[Skin.HasSetting(Hub.Home.EnableBasicWidgets) + String.IsEqual(Window.Property(categories_menu),menu=homemenu)] | [Skin.HasSetting(Hub.1101.EnableBasicWidgets) + String.IsEqual(Window.Property(categories_menu),menu=1101menu)] | [Skin.HasSetting(Hub.1102.EnableBasicWidgets) + String.IsEqual(Window.Property(categories_menu),menu=1102menu)] | [Skin.HasSetting(Hub.1103.EnableBasicWidgets) + String.IsEqual(Window.Property(categories_menu),menu=1103menu)] | [Skin.HasSetting(Hub.1104.EnableBasicWidgets) + String.IsEqual(Window.Property(categories_menu),menu=1104menu)] | [Skin.HasSetting(Hub.1106.EnableBasicWidgets) + String.IsEqual(Window.Property(categories_menu),menu=1106menu)] | [Skin.HasSetting(Hub.1107.EnableBasicWidgets) + String.IsEqual(Window.Property(categories_menu),menu=1107menu)] | [Skin.HasSetting(Hub.1108.EnableBasicWidgets) + String.IsEqual(Window.Property(categories_menu),menu=1108menu)] | [Skin.HasSetting(Hub.1109.EnableBasicWidgets) + String.IsEqual(Window.Property(categories_menu),menu=1109menu)] | [Skin.HasSetting(Hub.1110.EnableBasicWidgets) + String.IsEqual(Window.Property(categories_menu),menu=1110menu)] | [Skin.HasSetting(Hub.1112.EnableBasicWidgets) + String.IsEqual(Window.Property(categories_menu),menu=1112menu)] | [Skin.HasSetting(Hub.1114.EnableBasicWidgets) + String.IsEqual(Window.Property(categories_menu),menu=1114menu)] | [Skin.HasSetting(Hub.1125.EnableBasicWidgets) + String.IsEqual(Window.Property(categories_menu),menu=1125menu)] | [Skin.HasSetting(Hub.1126.EnableBasicWidgets) + String.IsEqual(Window.Property(categories_menu),menu=1126menu)] | [Skin.HasSetting(Hub.1127.EnableBasicWidgets) + String.IsEqual(Window.Property(categories_menu),menu=1127menu)]]</expression>

    <expression name="Shortcuts_Window_Exp_IsHomeHub">[String.IsEqual(Window(Home).Property(Shortcuts.EditMenu),menu=sidemenu) | String.IsEqual(Window(Home).Property(Shortcuts.EditMenu),menu=homemenu) | [String.IsEqual(Window(Home).Property(Shortcuts.EditMenu),menu=1101menu) + Integer.IsEqual(Skin.String(Hub.Home.ReplaceWindow),1101)] | [String.IsEqual(Window(Home).Property(Shortcuts.EditMenu),menu=1102menu) + Integer.IsEqual(Skin.String(Hub.Home.ReplaceWindow),1102)] | [String.IsEqual(Window(Home).Property(Shortcuts.EditMenu),menu=1103menu) + Integer.IsEqual(Skin.String(Hub.Home.ReplaceWindow),1103)] | [String.IsEqual(Window(Home).Property(Shortcuts.EditMenu),menu=1104menu) + Integer.IsEqual(Skin.String(Hub.Home.ReplaceWindow),1104)] | [String.IsEqual(Window(Home).Property(Shortcuts.EditMenu),menu=1106menu) + Integer.IsEqual(Skin.String(Hub.Home.ReplaceWindow),1106)] | [String.IsEqual(Window(Home).Property(Shortcuts.EditMenu),menu=1107menu) + Integer.IsEqual(Skin.String(Hub.Home.ReplaceWindow),1107)] | [String.IsEqual(Window(Home).Property(Shortcuts.EditMenu),menu=1108menu) + Integer.IsEqual(Skin.String(Hub.Home.ReplaceWindow),1108)] | [String.IsEqual(Window(Home).Property(Shortcuts.EditMenu),menu=1109menu) + Integer.IsEqual(Skin.String(Hub.Home.ReplaceWindow),1109)] | [String.IsEqual(Window(Home).Property(Shortcuts.EditMenu),menu=1110menu) + Integer.IsEqual(Skin.String(Hub.Home.ReplaceWindow),1110)] | [String.IsEqual(Window(Home).Property(Shortcuts.EditMenu),menu=1112menu) + Integer.IsEqual(Skin.String(Hub.Home.ReplaceWindow),1112)] | [String.IsEqual(Window(Home).Property(Shortcuts.EditMenu),menu=1114menu) + Integer.IsEqual(Skin.String(Hub.Home.ReplaceWindow),1114)] | [String.IsEqual(Window(Home).Property(Shortcuts.EditMenu),menu=1125menu) + Integer.IsEqual(Skin.String(Hub.Home.ReplaceWindow),1125)] | [String.IsEqual(Window(Home).Property(Shortcuts.EditMenu),menu=1126menu) + Integer.IsEqual(Skin.String(Hub.Home.ReplaceWindow),1126)] | [String.IsEqual(Window(Home).Property(Shortcuts.EditMenu),menu=1127menu) + Integer.IsEqual(Skin.String(Hub.Home.ReplaceWindow),1127)]]</expression>
    
    <expression name="Shortcuts_Window_Exp_WidgetSelector">[[Skin.HasSetting(Hub.Home.WidgetSelector) + String.IsEqual(Window.Property(categories_menu),menu=homemenu)] | [Skin.HasSetting(Hub.1101.WidgetSelector) + String.IsEqual(Window.Property(categories_menu),menu=1101menu)] | [Skin.HasSetting(Hub.1102.WidgetSelector) + String.IsEqual(Window.Property(categories_menu),menu=1102menu)] | [Skin.HasSetting(Hub.1103.WidgetSelector) + String.IsEqual(Window.Property(categories_menu),menu=1103menu)] | [Skin.HasSetting(Hub.1104.WidgetSelector) + String.IsEqual(Window.Property(categories_menu),menu=1104menu)] | [Skin.HasSetting(Hub.1106.WidgetSelector) + String.IsEqual(Window.Property(categories_menu),menu=1106menu)] | [Skin.HasSetting(Hub.1107.WidgetSelector) + String.IsEqual(Window.Property(categories_menu),menu=1107menu)] | [Skin.HasSetting(Hub.1108.WidgetSelector) + String.IsEqual(Window.Property(categories_menu),menu=1108menu)] | [Skin.HasSetting(Hub.1109.WidgetSelector) + String.IsEqual(Window.Property(categories_menu),menu=1109menu)] | [Skin.HasSetting(Hub.1110.WidgetSelector) + String.IsEqual(Window.Property(categories_menu),menu=1110menu)] | [Skin.HasSetting(Hub.1112.WidgetSelector) + String.IsEqual(Window.Property(categories_menu),menu=1112menu)] | [Skin.HasSetting(Hub.1114.WidgetSelector) + String.IsEqual(Window.Property(categories_menu),menu=1114menu)] | [Skin.HasSetting(Hub.1125.WidgetSelector) + String.IsEqual(Window.Property(categories_menu),menu=1125menu)] | [Skin.HasSetting(Hub.1126.WidgetSelector) + String.IsEqual(Window.Property(categories_menu),menu=1126menu)] | [Skin.HasSetting(Hub.1127.WidgetSelector) + String.IsEqual(Window.Property(categories_menu),menu=1127menu)]]</expression>
    
    <expression name="Shortcuts_Dialog_Exp_HasShortcutPath">[!String.IsEmpty(Container(22001).ListItem.Property(path)) + !String.IsEmpty(Container(22001).ListItem.Property(target)) + !String.Contains(Window(Home).Property(Shortcuts.EditMenu),-customnode-) + !$EXP[Shortcuts_Dialog_Exp_IsWidgetMode]]</expression>
    <expression name="Shortcuts_Dialog_Exp_HasSideMenuEdit">[[$EXP[Shortcuts_Window_Exp_IsHomeHub] + String.IsEmpty(Window(Home).Property(Shortcuts.EditMode)) + String.IsEmpty(Window(Home).Property(Shortcuts.EditGUID)) + String.IsEmpty(Skin.String(Home.LeftMenu.Action))] | String.IsEqual(Container(22001).ListItem.Property(path),Custom_Menu)]</expression>
    <expression name="Shortcuts_Dialog_Exp_HasCustomSubmenu">[String.IsEqual(Container(22001).ListItem.Property(path),Custom_Submenu)]</expression>
    
    <expression name="Shortcuts_Dialog_Exp_IsOpenInDialog">[String.IsEqual(Container(22001).ListItem.Property(path_opendialog),True)]</expression>
    <expression name="Shortcuts_Dialog_Exp_IsOpenInExpandedDialog">[String.IsEqual(Container(22001).ListItem.Property(path_opendialog_expanded),True)]</expression>
    
    <expression name="Shortcuts_Dialog_Exp_IsEnabled">[!String.IsEqual(Container(22001).ListItem.Property(disabled),True) + $EXP[Shortcuts_Dialog_Exp_IsNotBlank]]</expression>
    <expression name="Shortcuts_Dialog_Exp_IsNotBlank">[!String.IsEqual(Container(22001).ListItem.Property(blank),True)]</expression>
    
    <include name="Shortcuts_Window_Content_Spotlight">
        <control type="grouplist">
            <top>140</top>
            <height>hub_categorieswidget_h</height>
            <visible>!$EXP[Shortcuts_Window_Exp_WidgetsOnly]</visible>
            <orientation>vertical</orientation>
            <onup condition="String.IsEqual(Window.Property(categories_menu),menu=homemenu)">303</onup>
            <onup condition="!String.IsEqual(Window.Property(categories_menu),menu=homemenu)">306</onup>
            <ondown>300</ondown>
            <onleft>30000</onleft>
            <include content="Settings_Stacked_Button">
                <param name="toplabel_textcolor">dialog_fg_90</param>
                <param name="sublabel_textcolor">dialog_fg_30</param>
                <param name="dialog">true</param>
                <param name="id">301</param>
                <param name="groupid">401</param>
                <param name="control">button</param>
                <param name="sublabel_visible">true</param>
                <param name="toplabel_font">font_mini_bold</param>
                <param name="sublabel_fallback">31548</param>
                <param name="toplabel">$LOCALIZE[31105]</param>
                <param name="sublabel">$VAR[Label_Shortcut_HubSpotlight_Window_Path]</param>
                <onup condition="String.IsEqual(Window.Property(categories_menu),menu=homemenu)">303</onup>
                <onup condition="!String.IsEqual(Window.Property(categories_menu),menu=homemenu)">306</onup>
                <ondown>300</ondown>
                <onleft>30000</onleft>
                <onclick>SetProperty(Options.Mode.Heading,Spotlight)</onclick>
                <onclick>SetProperty(Options.Mode.Heading.Sublabel,$INFO[Container(300).ListItem.Label])</onclick>
                <onclick>SetProperty(Options.Mode,Categories.Spotlight)</onclick>
                <onclick>SetFocus(33999)</onclick>
            </include>
        </control>
    </include>

    <variable name="Shortcuts_Window_Content_Categories_List_Filter">
        <value condition="String.IsEqual(Window.Property(categories_menu),menu=homemenu)">$INFO[Container(303).ListItem.Property(guid),&amp;filter_key=sidemenu_guid&amp;filter_value=,&amp;filter_empty=true]</value>
    </variable>

    <include name="Shortcuts_Window_Content_Categories_List">
        <control type="group">
            <include content="List_ButtonMenu_Row">
                <param name="id">300</param>
                <param name="itemlayout_w">240</param>
                <param name="offset_x">view_button_offset_x</param>
                <param name="control">list</param>
                <param name="font">font_main_bold</param>
                <param name="color_fo">dialog_fg_90</param>
                <param name="color_nf">dialog_fg_30</param>
                <param name="backing">true</param>
                <param name="hidden_button">Items_Null</param>
                <param name="altfocus">[Integer.IsEqual(Window.Property(list_id),300) + [ControlGroup(3000).HasFocus() | ControlGroup(39000).HasFocus()]]</param>
                <param name="underline">true</param>
                <preloaditems>0</preloaditems>
                <top>20</top>
                <left>0</left>
                <height>hub_categorieswidget_h</height>
                <onup>301</onup>
                <onleft>30000</onleft>
                <onright>noop</onright>
                <ondown>302</ondown>

                <animation effect="slide" end="120" condition="Integer.IsEqual(Container(300).NumItems,3)">Conditional</animation>
                <animation effect="slide" end="240" condition="Integer.IsEqual(Container(300).NumItems,2)">Conditional</animation>
                <animation effect="slide" end="360" condition="Integer.IsEqual(Container(300).NumItems,1)">Conditional</animation>

                <onclick>SetFocus(1300)</onclick>

                <content>plugin://script.skinvariables/?info=get_shortcuts_node&amp;edit=True$INFO[Window.Property(categories_menu),&amp;,]$VAR[Path_SkinVariables_SkinFolder,&amp;skin=,]$INFO[Window(Home).Property(SkinVariables.ShortcutsNode.Reload),&amp;reload=,]$VAR[Shortcuts_Window_Content_Categories_List_Filter]</content>

                <visible>!$EXP[Shortcuts_Window_Exp_WidgetsOnly]</visible>
            </include>
        </control>
    </include>

    <include name="Shortcuts_Window_Content_Categories_Submenu">
        <control type="group">
            <top>80</top>
            <height>hub_categorieswidget_h</height>
            <visible>!$EXP[Shortcuts_Window_Exp_WidgetsOnly]</visible>
            <include content="List_ButtonMenu_Row">
                <param name="id">302</param>
                <param name="itemlayout_w">240</param>
                <param name="offset_x">view_button_offset_x</param>
                <param name="control">list</param>
                <param name="font">font_mini</param>
                <param name="color_fo">dialog_fg_90</param>
                <param name="color_nf">dialog_fg_30</param>
                <param name="backing">true</param>
                <param name="hidden_button">Items_Null</param>
                <param name="altfocus">[Integer.IsEqual(Window.Property(list_id),302) + [ControlGroup(3000).HasFocus() | ControlGroup(39000).HasFocus()]]</param>
                <param name="underline">true</param>
                <preloaditems>0</preloaditems>
                <animation effect="slide" end="120" condition="Integer.IsEqual(Container(302).NumItems,3)">Conditional</animation>
                <animation effect="slide" end="240" condition="Integer.IsEqual(Container(302).NumItems,2)">Conditional</animation>
                <animation effect="slide" end="360" condition="Integer.IsEqual(Container(302).NumItems,1)">Conditional</animation>
                <onup>300</onup>
                <top>0</top>
                <height>120</height>
                <left>0</left>
                <onleft>30000</onleft>
                <onright>noop</onright>
                <ondown>304</ondown>
                <onclick>SetFocus(1302)</onclick>
                <visible>String.IsEmpty(Container(300).ListItem.Property(submenulist_path))</visible>
                <visible>!String.IsEmpty(Container(300).ListItem.Property(guid))</visible>
                <content>plugin://script.skinvariables/?info=get_shortcuts_node&amp;mode=submenu&amp;skin=$VAR[Path_SkinVariables_SkinFolder]$INFO[Container(300).ListItem.Property(menu),&amp;menu=,]$INFO[Container(300).ListItem.Property(guid),&amp;guid=,]$INFO[Window(Home).Property(SkinVariables.ShortcutsNode.Reload),&amp;reload=,]</content>
            </include>

            <control type="label">
                <left>0</left>
                <top>18</top>
                <visible>!String.IsEmpty(Container(300).ListItem.Property(submenulist_path))</visible>
                <label>$LOCALIZE[31003]$INFO[Container(300).ListItem.Property(submenulist_path),: ,]</label>
                <align>center</align>
                <aligny>center</aligny>
                <textcolor>dialog_fg_30</textcolor>
                <textoffsetx>40</textoffsetx>
                <font>font_tiny</font>
                <height>80</height>
            </control>
        </control>
    </include>

    <include name="Shortcuts_Window_Content_Categories">
        <control type="group">
            <top>210</top>
            <include>Shortcuts_Window_Content_Categories_List</include>
            <include>Shortcuts_Window_Content_Categories_Submenu</include>
        </control>
    </include>

    <variable name="Shortcuts_Window_OnlyWidgets_Path">
        <value condition="$EXP[Shortcuts_Window_Exp_WidgetsOnly] + !String.IsEqual(Window.Property(categories_menu),menu=homemenu)">plugin://script.skinvariables/?info=get_shortcuts_node&amp;edit=True&amp;skin=$VAR[Path_SkinVariables_SkinFolder]$INFO[Window.Property(categories_menu),&amp;,-widgetsonly]$INFO[Window(Home).Property(SkinVariables.ShortcutsNode.Reload),&amp;reload=,]</value>
        <value>plugin://script.skinvariables/?info=get_shortcuts_node&amp;edit=True&amp;mode=widgets&amp;skin=$VAR[Path_SkinVariables_SkinFolder]$INFO[Container(303).ListItem.Property(menu),&amp;menu=,]$INFO[Container(303).ListItem.Property(guid),&amp;guid=,]$INFO[Window(Home).Property(SkinVariables.ShortcutsNode.Reload),&amp;reload=,]</value>
    </variable>

    <variable name="Shortcuts_Window_CategoryWidgets_Path">
        <value>plugin://script.skinvariables/?info=get_shortcuts_node&amp;edit=True&amp;mode=widgets&amp;skin=$VAR[Path_SkinVariables_SkinFolder]$INFO[Container(300).ListItem.Property(menu),&amp;menu=,]$INFO[Container(300).ListItem.Property(guid),&amp;guid=,]$INFO[Window(Home).Property(SkinVariables.ShortcutsNode.Reload),&amp;reload=,]</value>
    </variable>

    <include name="Shortcuts_Window_Content_Widgets">

        <control type="group">
            <visible>!$EXP[Shortcuts_Window_Exp_WidgetsOnly]</visible>
            <!-- Submenu Widgets -->
            <include content="Object_Hidden_List">
                <param name="id">3141</param>
                <content>plugin://script.skinvariables/?info=get_shortcuts_node&amp;mode=widgets&amp;skin=$VAR[Path_SkinVariables_SkinFolder]$INFO[Container(302).ListItem.Property(menu),&amp;menu=,]$INFO[Container(302).ListItem.Property(guid),&amp;guid=,]$INFO[Window(Home).Property(SkinVariables.ShortcutsNode.Reload),&amp;reload=,]</content>
                <visible>String.IsEmpty(Container(302).ListItem.Property(blank))</visible>
            </include>
            <!-- Category Widgets -->
            <include content="Object_Hidden_List">
                <param name="id">3142</param>
                <content>plugin://script.skinvariables/?info=get_shortcuts_node&amp;mode=widgets&amp;skin=$VAR[Path_SkinVariables_SkinFolder]$INFO[Container(300).ListItem.Property(menu),&amp;menu=,]$INFO[Container(300).ListItem.Property(guid),&amp;guid=,]$INFO[Window(Home).Property(SkinVariables.ShortcutsNode.Reload),&amp;reload=,]</content>
                <visible>String.IsEmpty(Container(300).ListItem.Property(blank))</visible>
            </include>
            <!-- Sidemenu Widgets -->
            <include content="Object_Hidden_List">
                <param name="id">3143</param>
                <content>plugin://script.skinvariables/?info=get_shortcuts_node&amp;mode=widgets&amp;skin=$VAR[Path_SkinVariables_SkinFolder]$INFO[Container(303).ListItem.Property(menu),&amp;menu=,]$INFO[Container(303).ListItem.Property(guid),&amp;guid=,]$INFO[Window(Home).Property(SkinVariables.ShortcutsNode.Reload),&amp;reload=,]</content>
                <visible>String.IsEqual(Window.Property(categories_menu),menu=homemenu)</visible>
                <visible>String.IsEmpty(Container(303).ListItem.Property(blank))</visible>
            </include>
            <!-- Global Widgets -->
            <include content="Object_Hidden_List">
                <param name="id">3144</param>
                <content>plugin://script.skinvariables/?info=get_shortcuts_node&amp;skin=$VAR[Path_SkinVariables_SkinFolder]$INFO[Window.Property(categories_menu),&amp;,-globalwidgets]$INFO[Window(Home).Property(SkinVariables.ShortcutsNode.Reload),&amp;reload=,]</content>
            </include>
        </control>

        <control type="grouplist" id="304">
            <visible>!$EXP[Shortcuts_Window_Exp_WidgetsOnly]</visible>
            <orientation>vertical</orientation>
            <top>420</top>
            <onup>302</onup>
            <ondown>305</ondown>
            <onleft>30000</onleft>
            <include content="Settings_Stacked_Button">
                <param name="toplabel_textcolor">dialog_fg_90</param>
                <param name="sublabel_textcolor">dialog_fg_30</param>
                <param name="dialog">true</param>
                <param name="id">3041</param>
                <param name="groupid">4041</param>
                <param name="control">button</param>
                <param name="sublabel_visible">true</param>
                <param name="toplabel_font">font_mini_bold</param>
                <param name="sublabel_fallback">31548</param>

                <param name="toplabel">$LOCALIZE[31549]</param>
                <param name="sublabel">$INFO[Container(3141).ListItemAbsolute(0).Label]$INFO[Container(3141).ListItemAbsolute(1).Label, | ,]$INFO[Container(3141).ListItemAbsolute(2).Label, | ,]$INFO[Container(3141).ListItemAbsolute(3).Label, | ,]$INFO[Container(3141).ListItemAbsolute(4).Label, | ,]$INFO[Container(3141).ListItemAbsolute(5).Label, | ,]$INFO[Container(3141).ListItemAbsolute(6).Label, | ,]$INFO[Container(3141).ListItemAbsolute(7).Label, | ,]$INFO[Container(3141).ListItemAbsolute(8).Label, | ,]$INFO[Container(3141).ListItemAbsolute(9).Label, | ,]</param>

                <onclick>ClearProperty(Shortcuts.Category,Home)</onclick>
                <onclick>SetProperty(Shortcuts.Position,0,Home)</onclick>
                <onclick>SetProperty(Shortcuts.EditMenu,$INFO[Container(302).ListItem.Property(menu),menu=,],Home)</onclick>
                <onclick>SetProperty(Shortcuts.EditMode,mode=widgets,Home)</onclick>
                <onclick>SetProperty(Shortcuts.EditGUID,$INFO[Container(302).ListItem.Property(guid),guid=,],Home)</onclick>
                <onclick>ActivateWindow(1116)</onclick>

                <visible>!Integer.IsEqual(Container(302).NumItems,0)</visible>
                <visible>!Container(302).IsUpdating</visible>
                <visible>Control.IsVisible(302)</visible>
                <visible>Control.IsVisible(3141)</visible>

            </include>
            <include content="Settings_Stacked_Button">
                <param name="toplabel_textcolor">dialog_fg_90</param>
                <param name="sublabel_textcolor">dialog_fg_30</param>
                <param name="dialog">true</param>
                <param name="id">3042</param>
                <param name="groupid">4042</param>
                <param name="control">button</param>
                <param name="sublabel_visible">true</param>
                <param name="toplabel_font">font_mini_bold</param>
                <param name="sublabel_fallback">31548</param>

                <param name="toplabel">$LOCALIZE[31550]</param>
                <param name="sublabel">$INFO[Container(3142).ListItemAbsolute(0).Label]$INFO[Container(3142).ListItemAbsolute(1).Label, | ,]$INFO[Container(3142).ListItemAbsolute(2).Label, | ,]$INFO[Container(3142).ListItemAbsolute(3).Label, | ,]$INFO[Container(3142).ListItemAbsolute(4).Label, | ,]$INFO[Container(3142).ListItemAbsolute(5).Label, | ,]$INFO[Container(3142).ListItemAbsolute(6).Label, | ,]$INFO[Container(3142).ListItemAbsolute(7).Label, | ,]$INFO[Container(3142).ListItemAbsolute(8).Label, | ,]$INFO[Container(3142).ListItemAbsolute(9).Label, | ,]</param>

                <onclick>ClearProperty(Shortcuts.Category,Home)</onclick>
                <onclick>SetProperty(Shortcuts.Position,0,Home)</onclick>
                <onclick>SetProperty(Shortcuts.EditMenu,$INFO[Container(300).ListItem.Property(menu),menu=,],Home)</onclick>
                <onclick>SetProperty(Shortcuts.EditMode,mode=widgets,Home)</onclick>
                <onclick>SetProperty(Shortcuts.EditGUID,$INFO[Container(300).ListItem.Property(guid),guid=,],Home)</onclick>
                <onclick>ActivateWindow(1116)</onclick>

                <visible>!Integer.IsEqual(Container(300).NumItems,0)</visible>
                <visible>!Container(300).IsUpdating</visible>
                <visible>Control.IsVisible(300)</visible>
                <visible>Control.IsVisible(3142)</visible>

            </include>
            <include content="Settings_Stacked_Button">
                <param name="toplabel_textcolor">dialog_fg_90</param>
                <param name="sublabel_textcolor">dialog_fg_30</param>
                <param name="dialog">true</param>
                <param name="id">3043</param>
                <param name="groupid">4043</param>
                <param name="control">button</param>
                <param name="sublabel_visible">true</param>
                <param name="toplabel_font">font_mini_bold</param>
                <param name="sublabel_fallback">31548</param>

                <param name="toplabel">$LOCALIZE[31551]</param>
                <param name="sublabel">$INFO[Container(3143).ListItemAbsolute(0).Label]$INFO[Container(3143).ListItemAbsolute(1).Label, | ,]$INFO[Container(3143).ListItemAbsolute(2).Label, | ,]$INFO[Container(3143).ListItemAbsolute(3).Label, | ,]$INFO[Container(3143).ListItemAbsolute(4).Label, | ,]$INFO[Container(3143).ListItemAbsolute(5).Label, | ,]$INFO[Container(3143).ListItemAbsolute(6).Label, | ,]$INFO[Container(3143).ListItemAbsolute(7).Label, | ,]$INFO[Container(3143).ListItemAbsolute(8).Label, | ,]$INFO[Container(3143).ListItemAbsolute(9).Label, | ,]</param>

                <onclick>ClearProperty(Shortcuts.Category,Home)</onclick>
                <onclick>SetProperty(Shortcuts.Position,0,Home)</onclick>
                <onclick>SetProperty(Shortcuts.EditMenu,$INFO[Container(303).ListItem.Property(menu),menu=,],Home)</onclick>
                <onclick>SetProperty(Shortcuts.EditMode,mode=widgets,Home)</onclick>
                <onclick>SetProperty(Shortcuts.EditGUID,$INFO[Container(303).ListItem.Property(guid),guid=,],Home)</onclick>
                <onclick>ActivateWindow(1116)</onclick>

                <visible>!Integer.IsEqual(Container(303).NumItems,0)</visible>
                <visible>!Container(303).IsUpdating</visible>
                <visible>Control.IsVisible(303)</visible>
                <visible>Control.IsVisible(3143)</visible>
                <visible>String.IsEqual(Window.Property(categories_menu),menu=homemenu)</visible>

            </include>
            <include content="Settings_Stacked_Button">
                <param name="toplabel_textcolor">dialog_fg_90</param>
                <param name="sublabel_textcolor">dialog_fg_30</param>
                <param name="dialog">true</param>
                <param name="id">3044</param>
                <param name="groupid">4044</param>
                <param name="control">button</param>
                <param name="sublabel_visible">true</param>
                <param name="toplabel_font">font_mini_bold</param>
                <param name="sublabel_fallback">31548</param>

                <param name="toplabel">$LOCALIZE[31552]</param>
                <param name="sublabel">$INFO[Container(3144).ListItemAbsolute(0).Label]$INFO[Container(3144).ListItemAbsolute(1).Label, | ,]$INFO[Container(3144).ListItemAbsolute(2).Label, | ,]$INFO[Container(3144).ListItemAbsolute(3).Label, | ,]$INFO[Container(3144).ListItemAbsolute(4).Label, | ,]$INFO[Container(3144).ListItemAbsolute(5).Label, | ,]$INFO[Container(3144).ListItemAbsolute(6).Label, | ,]$INFO[Container(3144).ListItemAbsolute(7).Label, | ,]$INFO[Container(3144).ListItemAbsolute(8).Label, | ,]$INFO[Container(3144).ListItemAbsolute(9).Label, | ,]</param>

                <onclick>ClearProperty(Shortcuts.Category,Home)</onclick>
                <onclick>SetProperty(Shortcuts.Position,0,Home)</onclick>
                <onclick>SetProperty(Shortcuts.EditMenu,$INFO[Window.Property(categories_menu),,-globalwidgets],Home)</onclick>
                <onclick>ClearProperty(Shortcuts.EditMode,Home)</onclick>
                <onclick>ClearProperty(Shortcuts.EditGUID,Home)</onclick>
                <onclick>ActivateWindow(1116)</onclick>

                <visible>Control.IsVisible(3144)</visible>

            </include>
        </control>

        <control type="group">
            <top>50</top>
            <bottom>0</bottom>

            <include content="List_DialogSelect">
                <param name="id">304</param>
                <param name="item_height">100</param>
                <param name="textcolor">main_fg_70</param>
                <param name="itemlayout_include">Layout_Shortcuts</param>
                <param name="altfocus">[Integer.IsEqual(Window.Property(list_id),304) + [ControlGroup(3000).HasFocus() | ControlGroup(39000).HasFocus()]]</param>
                <param name="misc">0</param>
                <param name="control">list</param>
                <param name="detailed">True</param>
                <content>$VAR[Shortcuts_Window_OnlyWidgets_Path]</content>
                <left>0</left>
                <top>90</top>
                <onup>302</onup>
                <ondown>305</ondown>
                <onleft>30000</onleft>
                <bottom>70</bottom>
                <onclick>SetFocus(1304)</onclick>
                <visible>$EXP[Shortcuts_Window_Exp_WidgetsOnly]</visible>
            </include>
        </control>
    </include>

    <include name="Shortcuts_Window_MainMenu">                    
            <include content="Settings_Stacked_Button">
                <param name="toplabel_textcolor">dialog_fg_90</param>
                <param name="sublabel_textcolor">dialog_fg_30</param>
                <param name="dialog">true</param>
                <param name="id">306</param>                
                <param name="control">button</param>
                <param name="sublabel_visible">true</param>
                <param name="toplabel_font">font_mini_bold</param>
                <param name="sublabel_fallback">-</param>
                <param name="toplabel">$VAR[Shortcuts_Window_Var_Label_HubName_Raw]</param>
                <param name="sublabel">$LOCALIZE[31576] [LOWERCASE]$LOCALIZE[19160] $LOCALIZE[118][/LOWERCASE]</param>
                <top>50</top>
                <onup>2800</onup>
                <ondown>301</ondown>
                <onleft>30000</onleft>
                <visible>!String.IsEqual(Window.Property(categories_menu),menu=homemenu)</visible>
                <onfocus>SetProperty(HubRename,True,1115)</onfocus>
                <onclick condition="String.IsEqual(Container(2804).ListItem.Property(value),Hub.1101)">Skin.SetString(Hub.1101.Label)</onclick>
                <onclick condition="String.IsEqual(Container(2804).ListItem.Property(value),Hub.1102)">Skin.SetString(Hub.1102.Label)</onclick>
                <onclick condition="String.IsEqual(Container(2804).ListItem.Property(value),Hub.1103)">Skin.SetString(Hub.1103.Label)</onclick>
                <onclick condition="String.IsEqual(Container(2804).ListItem.Property(value),Hub.1104)">Skin.SetString(Hub.1104.Label)</onclick>
                <onclick condition="String.IsEqual(Container(2804).ListItem.Property(value),Hub.1105)">Skin.SetString(Hub.1105.Label)</onclick>
                <onclick condition="String.IsEqual(Container(2804).ListItem.Property(value),Hub.1106)">Skin.SetString(Hub.1106.Label)</onclick>
                <onclick condition="String.IsEqual(Container(2804).ListItem.Property(value),Hub.1107)">Skin.SetString(Hub.1107.Label)</onclick>
                <onclick condition="String.IsEqual(Container(2804).ListItem.Property(value),Hub.1108)">Skin.SetString(Hub.1108.Label)</onclick>
                <onclick condition="String.IsEqual(Container(2804).ListItem.Property(value),Hub.1109)">Skin.SetString(Hub.1109.Label)</onclick>
                <onclick condition="String.IsEqual(Container(2804).ListItem.Property(value),Hub.1110)">Skin.SetString(Hub.1110.Label)</onclick>
                <onclick condition="String.IsEqual(Container(2804).ListItem.Property(value),Hub.1112)">Skin.SetString(Hub.1112.Label)</onclick>
                <onclick condition="String.IsEqual(Container(2804).ListItem.Property(value),Hub.1114)">Skin.SetString(Hub.1114.Label)</onclick>
                <onclick condition="String.IsEqual(Container(2804).ListItem.Property(value),Hub.1125)">Skin.SetString(Hub.1125.Label)</onclick>
                <onclick condition="String.IsEqual(Container(2804).ListItem.Property(value),Hub.1126)">Skin.SetString(Hub.1126.Label)</onclick>
                <onclick condition="String.IsEqual(Container(2804).ListItem.Property(value),Hub.1127)">Skin.SetString(Hub.1127.Label)</onclick>       
            </include>
        <control type="group">
            <left>-40</left>
            <top>-10</top>
            <height>200</height>
            <visible>String.IsEqual(Window.Property(categories_menu),menu=homemenu)</visible>
            <control type="group">
                <centerleft>50%</centerleft>
                <width>500</width>
                <control type="fixedlist" id="303">
                    <left>-30</left>
                    <right>-10</right>
                    <focusposition>0</focusposition>
                    <movement>4</movement>
                    
                    <onfocus>ClearProperty(HubRename)</onfocus>
                    
                    <onup>2800</onup>
                    <ondown>301</ondown>
                    <onright>-</onright>
                    <onleft>30000</onleft>

                    <onclick>ClearProperty(Shortcuts.EditMode,Home)</onclick>
                    <onclick>ClearProperty(Shortcuts.EditGUID,Home)</onclick>
                    <onclick>SetProperty(Shortcuts.EditMenu,$INFO[Container(303).ListItem.Property(menu),menu=,],Home)</onclick>
                    <onclick>SetProperty(Shortcuts.Position,$INFO[Container(303).CurrentItem],Home)</onclick>
                    <onclick>ActivateWindow(1116)</onclick>

                    <hitrect x="40" w="120" />
                    <orientation>horizontal</orientation>
                    <scrolltime tween="quadratic">400</scrolltime>

                    <include content="Home_Menu_List_ItemLayout">
                        <param name="id">303</param>
                        <param name="hidden_button">Items_Null</param>
                        <param name="hidden_button_enabled">False</param>
                        <param name="layoutnf">[False]</param>
                        <param name="layoutfo">[String.IsEqual(Window.Property(categories_menu),menu=homemenu)]</param>
                        <param name="vertical">false</param>
                    </include>

                    <content>plugin://script.skinvariables/?info=get_shortcuts_node&amp;edit=True&amp;skin=$VAR[Path_SkinVariables_SkinFolder]$INFO[Window(Home).Property(SkinVariables.ShortcutsNode.Reload),&amp;reload=,]&amp;menu=sidemenu</content>
                </control>
            </control>
        </control>
    </include>

    <include name="Shortcuts_Window_Side_Buttons">

        <include content="Settings_Side_Button">
            <param name="id">99</param>
            <param name="label">$LOCALIZE[15067]</param>
            <param name="icon">special://skin/extras/icons/circle-xmark.png</param>
            <onclick>PreviousMenu</onclick>
        </include>

        <include content="Settings_Side_Button">
            <param name="id">06</param>
            <param name="label">$VAR[Shortcuts_Window_Var_Label_ClassicMode]</param>
            <param name="icon">$VAR[Shortcuts_Window_Var_Image_ClassicMode]</param>
            <onclick condition="String.IsEqual(Window.Property(categories_menu),menu=homemenu)">Skin.ToggleSetting(Hub.Home.DisableSubmenu)</onclick>
            <onclick condition="String.IsEqual(Window.Property(categories_menu),menu=1101menu)">Skin.ToggleSetting(Hub.1101.DisableSubmenu)</onclick>
            <onclick condition="String.IsEqual(Window.Property(categories_menu),menu=1102menu)">Skin.ToggleSetting(Hub.1102.DisableSubmenu)</onclick>
            <onclick condition="String.IsEqual(Window.Property(categories_menu),menu=1103menu)">Skin.ToggleSetting(Hub.1103.DisableSubmenu)</onclick>
            <onclick condition="String.IsEqual(Window.Property(categories_menu),menu=1104menu)">Skin.ToggleSetting(Hub.1104.DisableSubmenu)</onclick>
            <onclick condition="String.IsEqual(Window.Property(categories_menu),menu=1105menu)">Skin.ToggleSetting(Hub.1105.DisableSubmenu)</onclick>
            <onclick condition="String.IsEqual(Window.Property(categories_menu),menu=1106menu)">Skin.ToggleSetting(Hub.1106.DisableSubmenu)</onclick>
            <onclick condition="String.IsEqual(Window.Property(categories_menu),menu=1107menu)">Skin.ToggleSetting(Hub.1107.DisableSubmenu)</onclick>
            <onclick condition="String.IsEqual(Window.Property(categories_menu),menu=1108menu)">Skin.ToggleSetting(Hub.1108.DisableSubmenu)</onclick>
            <onclick condition="String.IsEqual(Window.Property(categories_menu),menu=1109menu)">Skin.ToggleSetting(Hub.1109.DisableSubmenu)</onclick>
            <onclick condition="String.IsEqual(Window.Property(categories_menu),menu=1110menu)">Skin.ToggleSetting(Hub.1110.DisableSubmenu)</onclick>
            <onclick condition="String.IsEqual(Window.Property(categories_menu),menu=1112menu)">Skin.ToggleSetting(Hub.1112.DisableSubmenu)</onclick>
            <onclick condition="String.IsEqual(Window.Property(categories_menu),menu=1114menu)">Skin.ToggleSetting(Hub.1114.DisableSubmenu)</onclick>
            <onclick condition="String.IsEqual(Window.Property(categories_menu),menu=1125menu)">Skin.ToggleSetting(Hub.1125.DisableSubmenu)</onclick>
            <onclick condition="String.IsEqual(Window.Property(categories_menu),menu=1126menu)">Skin.ToggleSetting(Hub.1126.DisableSubmenu)</onclick>
            <onclick condition="String.IsEqual(Window.Property(categories_menu),menu=1127menu)">Skin.ToggleSetting(Hub.1127.DisableSubmenu)</onclick>
        </include>

        <include content="Settings_Side_Button">
            <param name="id">08</param>
            <param name="label">$VAR[Shortcuts_Window_Var_Label_WidgetSelector]</param>
            <param name="icon">$VAR[Shortcuts_Window_Var_Image_WidgetSelector]</param>
            <onclick condition="String.IsEqual(Window.Property(categories_menu),menu=homemenu)">Skin.ToggleSetting(Hub.Home.WidgetSelector)</onclick>
            <onclick condition="String.IsEqual(Window.Property(categories_menu),menu=1101menu)">Skin.ToggleSetting(Hub.1101.WidgetSelector)</onclick>
            <onclick condition="String.IsEqual(Window.Property(categories_menu),menu=1102menu)">Skin.ToggleSetting(Hub.1102.WidgetSelector)</onclick>
            <onclick condition="String.IsEqual(Window.Property(categories_menu),menu=1103menu)">Skin.ToggleSetting(Hub.1103.WidgetSelector)</onclick>
            <onclick condition="String.IsEqual(Window.Property(categories_menu),menu=1104menu)">Skin.ToggleSetting(Hub.1104.WidgetSelector)</onclick>
            <onclick condition="String.IsEqual(Window.Property(categories_menu),menu=1105menu)">Skin.ToggleSetting(Hub.1105.WidgetSelector)</onclick>
            <onclick condition="String.IsEqual(Window.Property(categories_menu),menu=1106menu)">Skin.ToggleSetting(Hub.1106.WidgetSelector)</onclick>
            <onclick condition="String.IsEqual(Window.Property(categories_menu),menu=1107menu)">Skin.ToggleSetting(Hub.1107.WidgetSelector)</onclick>
            <onclick condition="String.IsEqual(Window.Property(categories_menu),menu=1108menu)">Skin.ToggleSetting(Hub.1108.WidgetSelector)</onclick>
            <onclick condition="String.IsEqual(Window.Property(categories_menu),menu=1109menu)">Skin.ToggleSetting(Hub.1109.WidgetSelector)</onclick>
            <onclick condition="String.IsEqual(Window.Property(categories_menu),menu=1110menu)">Skin.ToggleSetting(Hub.1110.WidgetSelector)</onclick>
            <onclick condition="String.IsEqual(Window.Property(categories_menu),menu=1112menu)">Skin.ToggleSetting(Hub.1112.WidgetSelector)</onclick>
            <onclick condition="String.IsEqual(Window.Property(categories_menu),menu=1114menu)">Skin.ToggleSetting(Hub.1114.WidgetSelector)</onclick>
            <onclick condition="String.IsEqual(Window.Property(categories_menu),menu=1125menu)">Skin.ToggleSetting(Hub.1125.WidgetSelector)</onclick>
            <onclick condition="String.IsEqual(Window.Property(categories_menu),menu=1126menu)">Skin.ToggleSetting(Hub.1126.WidgetSelector)</onclick>
            <onclick condition="String.IsEqual(Window.Property(categories_menu),menu=1127menu)">Skin.ToggleSetting(Hub.1127.WidgetSelector)</onclick>
        </include>

        <include content="Settings_Side_Button">
            <param name="id">01</param>
            <param name="label">$LOCALIZE[31456]</param>
            <param name="icon">special://skin/extras/icons/download.png</param>
            <onclick>RunScript(script.skinvariables,run_dialog=select,heading=Prebuilt,separator=||,list=library-basic||tmdb-basic,"executebuiltin=route=copy_menufolder=special://skin/shortcuts/prebuilt/{v}/&amp;skin=$VAR[Path_SkinVariables_SkinFolder]")</onclick>
        </include>

        <include content="Settings_Side_Button">
            <param name="id">02</param>
            <param name="label">$LOCALIZE[31494]</param>
            <param name="icon">special://skin/extras/icons/code-pull-request.png</param>
            <onclick>RunPlugin(plugin://script.skinvariables/?info=get_shortcuts_node&amp;skin=$VAR[Path_SkinVariables_SkinFolder]$INFO[Window.Property(categories_menu),&amp;,]&amp;func=do_refresh&amp;&amp;False&amp;&amp;ActivateWindow(1115))</onclick>
        </include>
    </include>

    <include name="Shortcuts_Window_Content_Tray">
        <control type="grouplist" id="305">
            <centerbottom>0</centerbottom>
            <itemgap>0</itemgap>
            <orientation>horizontal</orientation>
            <height>160</height>
            <width>1300</width>

            <onright>noop</onright>
            <onleft>30000</onleft>

            <onup>304</onup>
            <control type="button" id="35021">
                <centertop>50%</centertop>
                <height>80</height>
                <label>[CAPITALIZE]$LOCALIZE[31377][/CAPITALIZE]$VAR[Shortcuts_Window_Var_Label_NavigationOnDown,: ,]</label>
                <width max="920">auto</width>
                <align>left</align>
                <aligny>center</aligny>
                <textcolor>main_fg_70</textcolor>
                <textoffsetx>40</textoffsetx>
                <font>font_mini</font>
                <onclick>RunScript(script.skinvariables,run_dialog=select,heading=$LOCALIZE[31324] > $LOCALIZE[31008],separator=||,list=$LOCALIZE[571]||$LOCALIZE[31148],"executebuiltin_0=Skin.Reset(Navigation.$INFO[Container(2804).ListItem.Property(value)].OnDown)","executebuiltin_1=Skin.SetString(Navigation.$INFO[Container(2804).ListItem.Property(value)].OnDown,Explore)")</onclick>
                <texturenofocus />
            </control>
            <control type="button" id="35023">
                <centertop>50%</centertop>
                <height>80</height>
                <label>$LOCALIZE[21480] $LOCALIZE[20347] [LOWERCASE]$LOCALIZE[10000][/LOWERCASE]: $VAR[Shortcuts_Window_Var_HomeItem_Property_Current_Home_Hub]</label>
                <width max="920">auto</width>
                <align>left</align>
                <aligny>center</aligny>
                <textcolor>main_fg_70</textcolor>
                <textoffsetx>40</textoffsetx>
                <font>font_mini</font>                
                <onclick>RunScript(script.skinvariables,run_dialog=select,preselect=$VAR[Shortcuts_Window_Var_HomeItem_Property_Current_Home_Hub],heading=$LOCALIZE[21480] $LOCALIZE[20347] [LOWERCASE]$LOCALIZE[10000][/LOWERCASE],separator=||,list=$LOCALIZE[31143] $LOCALIZE[10000]||$NUMBER[1101]$VAR[Label_Header_Main_1101, (,)]||$NUMBER[1102]$VAR[Label_Header_Main_1102, (,)]||$NUMBER[1103]$VAR[Label_Header_Main_1103, (,)]||$NUMBER[1104]$VAR[Label_Header_Main_1104, (,)]||$NUMBER[1106]$VAR[Label_Header_Main_1106, (,)]||$NUMBER[1107]$VAR[Label_Header_Main_1107, (,)]||$NUMBER[1108]$VAR[Label_Header_Main_1108, (,)]||$NUMBER[1109]$VAR[Label_Header_Main_1109, (,)]||$NUMBER[1110]$VAR[Label_Header_Main_1110, (,)]||$NUMBER[1112]$VAR[Label_Header_Main_1112, (,)]||$NUMBER[1114]$VAR[Label_Header_Main_1114, (,)]||$NUMBER[1125]$VAR[Label_Header_Main_1125, (,)]||$NUMBER[1126]$VAR[Label_Header_Main_1126, (,)]||$NUMBER[1127]$VAR[Label_Header_Main_1127, (,)],"executebuiltin_0=Skin.Reset(Hub.Home.ReplaceWindow)","executebuiltin_1=Skin.SetString(Hub.Home.ReplaceWindow,$NUMBER[1101])","executebuiltin_2=Skin.SetString(Hub.Home.ReplaceWindow,$NUMBER[1102])","executebuiltin_3=Skin.SetString(Hub.Home.ReplaceWindow,$NUMBER[1103])","executebuiltin_4=Skin.SetString(Hub.Home.ReplaceWindow,$NUMBER[1104])","executebuiltin_5=Skin.SetString(Hub.Home.ReplaceWindow,$NUMBER[1106])","executebuiltin_6=Skin.SetString(Hub.Home.ReplaceWindow,$NUMBER[1107])","executebuiltin_7=Skin.SetString(Hub.Home.ReplaceWindow,$NUMBER[1108])","executebuiltin_8=Skin.SetString(Hub.Home.ReplaceWindow,$NUMBER[1109])","executebuiltin_9=Skin.SetString(Hub.Home.ReplaceWindow,$NUMBER[1110])","executebuiltin_10=Skin.SetString(Hub.Home.ReplaceWindow,$NUMBER[1112])","executebuiltin_11=Skin.SetString(Hub.Home.ReplaceWindow,$NUMBER[1114])","executebuiltin_12=Skin.SetString(Hub.Home.ReplaceWindow,$NUMBER[1125])","executebuiltin_13=Skin.SetString(Hub.Home.ReplaceWindow,$NUMBER[1126])","executebuiltin_14=Skin.SetString(Hub.Home.ReplaceWindow,$NUMBER[1127])")</onclick>                
                <texturenofocus />            
            </control>
            <control type="radiobutton" id="35024">
                <centertop>50%</centertop>
                <height>80</height>
                <label>$LOCALIZE[10036] $LOCALIZE[31103]</label>
                <width max="300">auto</width>
                <align>left</align>
                <aligny>center</aligny>
                <textcolor>main_fg_70</textcolor>
                <textoffsetx>40</textoffsetx>
                <font>font_mini</font>
                <visible>$EXP[Shortcuts_Window_Exp_WidgetsOnly] + !$EXP[Shortcuts_Window_Exp_WidgetSelector]</visible>
                <selected>$EXP[Shortcuts_Window_Exp_BasicWidgets]</selected>                
                <onclick condition="String.IsEqual(Window.Property(categories_menu),menu=homemenu)">Skin.ToggleSetting(Hub.Home.EnableBasicWidgets)</onclick>
                <onclick condition="String.IsEqual(Window.Property(categories_menu),menu=1101menu)">Skin.ToggleSetting(Hub.1101.EnableBasicWidgets)</onclick>
                <onclick condition="String.IsEqual(Window.Property(categories_menu),menu=1102menu)">Skin.ToggleSetting(Hub.1102.EnableBasicWidgets)</onclick>
                <onclick condition="String.IsEqual(Window.Property(categories_menu),menu=1103menu)">Skin.ToggleSetting(Hub.1103.EnableBasicWidgets)</onclick>
                <onclick condition="String.IsEqual(Window.Property(categories_menu),menu=1104menu)">Skin.ToggleSetting(Hub.1104.EnableBasicWidgets)</onclick>
                <onclick condition="String.IsEqual(Window.Property(categories_menu),menu=1105menu)">Skin.ToggleSetting(Hub.1105.EnableBasicWidgets)</onclick>
                <onclick condition="String.IsEqual(Window.Property(categories_menu),menu=1106menu)">Skin.ToggleSetting(Hub.1106.EnableBasicWidgets)</onclick>
                <onclick condition="String.IsEqual(Window.Property(categories_menu),menu=1107menu)">Skin.ToggleSetting(Hub.1107.EnableBasicWidgets)</onclick>
                <onclick condition="String.IsEqual(Window.Property(categories_menu),menu=1108menu)">Skin.ToggleSetting(Hub.1108.EnableBasicWidgets)</onclick>
                <onclick condition="String.IsEqual(Window.Property(categories_menu),menu=1109menu)">Skin.ToggleSetting(Hub.1109.EnableBasicWidgets)</onclick>
                <onclick condition="String.IsEqual(Window.Property(categories_menu),menu=1110menu)">Skin.ToggleSetting(Hub.1110.EnableBasicWidgets)</onclick>
                <onclick condition="String.IsEqual(Window.Property(categories_menu),menu=1112menu)">Skin.ToggleSetting(Hub.1112.EnableBasicWidgets)</onclick>
                <onclick condition="String.IsEqual(Window.Property(categories_menu),menu=1114menu)">Skin.ToggleSetting(Hub.1114.EnableBasicWidgets)</onclick>
                <onclick condition="String.IsEqual(Window.Property(categories_menu),menu=1125menu)">Skin.ToggleSetting(Hub.1125.EnableBasicWidgets)</onclick>
                <onclick condition="String.IsEqual(Window.Property(categories_menu),menu=1126menu)">Skin.ToggleSetting(Hub.1126.EnableBasicWidgets)</onclick>
                <onclick condition="String.IsEqual(Window.Property(categories_menu),menu=1127menu)">Skin.ToggleSetting(Hub.1127.EnableBasicWidgets)</onclick>                
                <texturenofocus />            
            </control>
            <include content="Dialog_Side_Button">
                <param name="vertical">false</param>
                <param name="id">22</param>
                <param name="baseid">35</param>
                <param name="textcolor">main_fg</param>
                <param name="nf_opacity">70</param>
                <param name="db_opacity">12</param>
                <param name="label">$LOCALIZE[31148]</param>
                <param name="icon">special://skin/extras/icons/shapes.png</param>
                <param name="visible">[Skin.String(Navigation.Hub.Home.OnDown,Explore) | [String.IsEmpty(Skin.String(Navigation.Hub.Home.OnDown)) + Skin.String(Navigation.Global.OnDown,Explore)]]</param>


                <!-- Global Widgets -->
                <onclick>ClearProperty(Shortcuts.EditGUID,Home)</onclick>
                <onclick>SetProperty(Shortcuts.EditMenu,menu=homemenu-extendedwidgets,Home)</onclick>
                <onclick>ClearProperty(Shortcuts.EditMode,Home)</onclick>
                <onclick>ClearProperty(Shortcuts.Category,Home)</onclick>

                <onclick>ActivateWindow(1116)</onclick>

            </include>            
        </control>
    </include> 

    <variable name="Shortcuts_Window_Var_Label_NavigationOnDown">
        <value condition="String.IsEqual(Container(2804).ListItem.Property(value),Hub.Home) + !String.IsEmpty(Skin.String(Navigation.Hub.Home.OnDown))">$INFO[Skin.String(Navigation.Hub.Home.OnDown)]</value>
        <value condition="String.IsEqual(Container(2804).ListItem.Property(value),Hub.1101) + !String.IsEmpty(Skin.String(Navigation.Hub.1101.OnDown))">$INFO[Skin.String(Navigation.Hub.1101.OnDown)]</value>
        <value condition="String.IsEqual(Container(2804).ListItem.Property(value),Hub.1102) + !String.IsEmpty(Skin.String(Navigation.Hub.1102.OnDown))">$INFO[Skin.String(Navigation.Hub.1102.OnDown)]</value>
        <value condition="String.IsEqual(Container(2804).ListItem.Property(value),Hub.1103) + !String.IsEmpty(Skin.String(Navigation.Hub.1103.OnDown))">$INFO[Skin.String(Navigation.Hub.1103.OnDown)]</value>
        <value condition="String.IsEqual(Container(2804).ListItem.Property(value),Hub.1104) + !String.IsEmpty(Skin.String(Navigation.Hub.1104.OnDown))">$INFO[Skin.String(Navigation.Hub.1104.OnDown)]</value>
        <value condition="String.IsEqual(Container(2804).ListItem.Property(value),Hub.1106) + !String.IsEmpty(Skin.String(Navigation.Hub.1106.OnDown))">$INFO[Skin.String(Navigation.Hub.1106.OnDown)]</value>
        <value condition="String.IsEqual(Container(2804).ListItem.Property(value),Hub.1107) + !String.IsEmpty(Skin.String(Navigation.Hub.1107.OnDown))">$INFO[Skin.String(Navigation.Hub.1107.OnDown)]</value>
        <value condition="String.IsEqual(Container(2804).ListItem.Property(value),Hub.1108) + !String.IsEmpty(Skin.String(Navigation.Hub.1108.OnDown))">$INFO[Skin.String(Navigation.Hub.1108.OnDown)]</value>
        <value condition="String.IsEqual(Container(2804).ListItem.Property(value),Hub.1109) + !String.IsEmpty(Skin.String(Navigation.Hub.1109.OnDown))">$INFO[Skin.String(Navigation.Hub.1109.OnDown)]</value>
        <value condition="String.IsEqual(Container(2804).ListItem.Property(value),Hub.1110) + !String.IsEmpty(Skin.String(Navigation.Hub.1110.OnDown))">$INFO[Skin.String(Navigation.Hub.1110.OnDown)]</value>
        <value condition="String.IsEqual(Container(2804).ListItem.Property(value),Hub.1112) + !String.IsEmpty(Skin.String(Navigation.Hub.1112.OnDown))">$INFO[Skin.String(Navigation.Hub.1112.OnDown)]</value>
        <value condition="String.IsEqual(Container(2804).ListItem.Property(value),Hub.1114) + !String.IsEmpty(Skin.String(Navigation.Hub.1114.OnDown))">$INFO[Skin.String(Navigation.Hub.1114.OnDown)]</value>
        <value condition="String.IsEqual(Container(2804).ListItem.Property(value),Hub.1125) + !String.IsEmpty(Skin.String(Navigation.Hub.1125.OnDown))">$INFO[Skin.String(Navigation.Hub.1125.OnDown)]</value>
        <value condition="String.IsEqual(Container(2804).ListItem.Property(value),Hub.1126) + !String.IsEmpty(Skin.String(Navigation.Hub.1126.OnDown))">$INFO[Skin.String(Navigation.Hub.1126.OnDown)]</value>
        <value condition="String.IsEqual(Container(2804).ListItem.Property(value),Hub.1127) + !String.IsEmpty(Skin.String(Navigation.Hub.1127.OnDown))">$INFO[Skin.String(Navigation.Hub.1127.OnDown)]</value>
        <value>$LOCALIZE[571]$INFO[Skin.String(Navigation.Global.OnDown), (,)]</value>        
    </variable>
    
    <variable name="Shortcuts_Window_Var_Label_HubName">
        <value condition="String.IsEqual(Container(2804).ListItem.Property(value),Hub.Home)">$LOCALIZE[10000]</value>
        <value condition="String.IsEqual(Container(2804).ListItem.Property(value),Hub.1101)">$NUMBER[1101]$VAR[Label_Header_Main_1101, (,)]</value>
        <value condition="String.IsEqual(Container(2804).ListItem.Property(value),Hub.1102)">$NUMBER[1102]$VAR[Label_Header_Main_1102, (,)]</value>
        <value condition="String.IsEqual(Container(2804).ListItem.Property(value),Hub.1103)">$NUMBER[1103]$VAR[Label_Header_Main_1103, (,)]</value>
        <value condition="String.IsEqual(Container(2804).ListItem.Property(value),Hub.1104)">$NUMBER[1104]$VAR[Label_Header_Main_1104, (,)]</value>
        <value condition="String.IsEqual(Container(2804).ListItem.Property(value),Hub.1106)">$NUMBER[1106]$VAR[Label_Header_Main_1106, (,)]</value>
        <value condition="String.IsEqual(Container(2804).ListItem.Property(value),Hub.1107)">$NUMBER[1107]$VAR[Label_Header_Main_1107, (,)]</value>
        <value condition="String.IsEqual(Container(2804).ListItem.Property(value),Hub.1108)">$NUMBER[1108]$VAR[Label_Header_Main_1108, (,)]</value>
        <value condition="String.IsEqual(Container(2804).ListItem.Property(value),Hub.1109)">$NUMBER[1109]$VAR[Label_Header_Main_1109, (,)]</value>
        <value condition="String.IsEqual(Container(2804).ListItem.Property(value),Hub.1110)">$NUMBER[1110]$VAR[Label_Header_Main_1110, (,)]</value>
        <value condition="String.IsEqual(Container(2804).ListItem.Property(value),Hub.1112)">$NUMBER[1112]$VAR[Label_Header_Main_1112, (,)]</value>
        <value condition="String.IsEqual(Container(2804).ListItem.Property(value),Hub.1114)">$NUMBER[1114]$VAR[Label_Header_Main_1114, (,)]</value>
        <value condition="String.IsEqual(Container(2804).ListItem.Property(value),Hub.1125)">$NUMBER[1125]$VAR[Label_Header_Main_1125, (,)]</value>
        <value condition="String.IsEqual(Container(2804).ListItem.Property(value),Hub.1126)">$NUMBER[1126]$VAR[Label_Header_Main_1126, (,)]</value>
        <value condition="String.IsEqual(Container(2804).ListItem.Property(value),Hub.1127)">$NUMBER[1127]$VAR[Label_Header_Main_1127, (,)]</value>
        <value>$INFO[Window.Property(hub_prefix)]</value>        
    </variable>
    
    <variable name="Shortcuts_Window_Var_Label_HubName_Raw">
        <value condition="String.IsEqual(Container(2804).ListItem.Property(value),Hub.Home)">$LOCALIZE[10000]</value>
        <value condition="String.IsEqual(Container(2804).ListItem.Property(value),Hub.1101)">$VAR[Label_Header_Main_1101]</value>
        <value condition="String.IsEqual(Container(2804).ListItem.Property(value),Hub.1102)">$VAR[Label_Header_Main_1102]</value>
        <value condition="String.IsEqual(Container(2804).ListItem.Property(value),Hub.1103)">$VAR[Label_Header_Main_1103]</value>
        <value condition="String.IsEqual(Container(2804).ListItem.Property(value),Hub.1104)">$VAR[Label_Header_Main_1104]</value>
        <value condition="String.IsEqual(Container(2804).ListItem.Property(value),Hub.1106)">$VAR[Label_Header_Main_1106]</value>
        <value condition="String.IsEqual(Container(2804).ListItem.Property(value),Hub.1107)">$VAR[Label_Header_Main_1107]</value>
        <value condition="String.IsEqual(Container(2804).ListItem.Property(value),Hub.1108)">$VAR[Label_Header_Main_1108]</value>
        <value condition="String.IsEqual(Container(2804).ListItem.Property(value),Hub.1109)">$VAR[Label_Header_Main_1109]</value>
        <value condition="String.IsEqual(Container(2804).ListItem.Property(value),Hub.1110)">$VAR[Label_Header_Main_1110]</value>
        <value condition="String.IsEqual(Container(2804).ListItem.Property(value),Hub.1112)">$VAR[Label_Header_Main_1112]</value>
        <value condition="String.IsEqual(Container(2804).ListItem.Property(value),Hub.1114)">$VAR[Label_Header_Main_1114]</value>
        <value condition="String.IsEqual(Container(2804).ListItem.Property(value),Hub.1125)">$VAR[Label_Header_Main_1125]</value>
        <value condition="String.IsEqual(Container(2804).ListItem.Property(value),Hub.1126)">$VAR[Label_Header_Main_1126]</value>
        <value condition="String.IsEqual(Container(2804).ListItem.Property(value),Hub.1127)">$VAR[Label_Header_Main_1127]</value>
        <value>$INFO[Window.Property(hub_prefix)]</value>        
    </variable>
    
    <variable name="Shortcuts_Window_Var_HomeItem_Property_Current_Home_Hub">
        <value condition="Skin.String(Hub.Home.ReplaceWindow,$NUMBER[1101])">$NUMBER[1101]$VAR[Label_Header_Main_1101, (,)]</value>
        <value condition="Skin.String(Hub.Home.ReplaceWindow,$NUMBER[1102])">$NUMBER[1102]$VAR[Label_Header_Main_1102, (,)]</value>
        <value condition="Skin.String(Hub.Home.ReplaceWindow,$NUMBER[1103])">$NUMBER[1103]$VAR[Label_Header_Main_1103, (,)]</value>
        <value condition="Skin.String(Hub.Home.ReplaceWindow,$NUMBER[1104])">$NUMBER[1104]$VAR[Label_Header_Main_1104, (,)]</value>
        <value condition="Skin.String(Hub.Home.ReplaceWindow,$NUMBER[1106])">$NUMBER[1106]$VAR[Label_Header_Main_1106, (,)]</value>
        <value condition="Skin.String(Hub.Home.ReplaceWindow,$NUMBER[1107])">$NUMBER[1107]$VAR[Label_Header_Main_1107, (,)]</value>
        <value condition="Skin.String(Hub.Home.ReplaceWindow,$NUMBER[1108])">$NUMBER[1108]$VAR[Label_Header_Main_1108, (,)]</value>
        <value condition="Skin.String(Hub.Home.ReplaceWindow,$NUMBER[1109])">$NUMBER[1109]$VAR[Label_Header_Main_1109, (,)]</value>
        <value condition="Skin.String(Hub.Home.ReplaceWindow,$NUMBER[1110])">$NUMBER[1110]$VAR[Label_Header_Main_1110, (,)]</value>
        <value condition="Skin.String(Hub.Home.ReplaceWindow,$NUMBER[1112])">$NUMBER[1112]$VAR[Label_Header_Main_1112, (,)]</value>
        <value condition="Skin.String(Hub.Home.ReplaceWindow,$NUMBER[1114])">$NUMBER[1114]$VAR[Label_Header_Main_1114, (,)]</value>
        <value condition="Skin.String(Hub.Home.ReplaceWindow,$NUMBER[1125])">$NUMBER[1125]$VAR[Label_Header_Main_1125, (,)]</value>
        <value condition="Skin.String(Hub.Home.ReplaceWindow,$NUMBER[1126])">$NUMBER[1126]$VAR[Label_Header_Main_1126, (,)]</value>
        <value condition="Skin.String(Hub.Home.ReplaceWindow,$NUMBER[1127])">$NUMBER[1127]$VAR[Label_Header_Main_1127, (,)]</value>
        <value>$LOCALIZE[31143] $LOCALIZE[10000]</value>
    </variable>

    <variable name="Shortcuts_Window_Var_Label_ClassicMode">
        <value condition="$EXP[Shortcuts_Window_Exp_WidgetsOnly]">$LOCALIZE[31143]</value>
        <value>$LOCALIZE[31037]</value>
    </variable>

    <variable name="Shortcuts_Window_Var_Image_ClassicMode">
        <value condition="$EXP[Shortcuts_Window_Exp_WidgetsOnly]">special://skin/extras/icons/diagram-next.png</value>
        <value>special://skin/extras/icons/route.png</value>
    </variable>

    <variable name="Shortcuts_Window_Var_Label_WidgetSelector">
        <value condition="$EXP[Shortcuts_Window_Exp_WidgetSelector]">$LOCALIZE[31083]</value>
        <value>$LOCALIZE[31373]</value>
    </variable>

    <variable name="Shortcuts_Window_Var_Image_WidgetSelector">
        <value condition="$EXP[Shortcuts_Window_Exp_WidgetSelector]">special://skin/extras/icons/pager.png</value>
        <value>special://skin/extras/icons/rectangle-list.png</value>
    </variable>

    <include name="Shortcuts_Window_Spinner_Button">
        <control type="group">
            <width>480</width>
            <right>-100</right>
            <height>80</height>
            <centertop>100</centertop>
            <control type="grouplist">
                <right>-20</right>
                <orientation>horizontal</orientation>
                <align>right</align>
                <control type="togglebutton">
                    <focusedcolor>$VAR[ColorSelected]</focusedcolor>
                    <textcolor>dialog_fg_90</textcolor>
                    <font>font_main_bold</font>
                    <label>$VAR[Shortcuts_Window_Var_Label_HubName][COLOR=00ffffff]..........[/COLOR]</label>
                    <altlabel>[COLOR=$VAR[ColorSelected]]$VAR[Shortcuts_Window_Var_Label_HubName][/COLOR][COLOR=00ffffff]..........[/COLOR]</altlabel>
                    <width>auto</width>
                    <usealttexture>ControlGroup(2800).HasFocus()</usealttexture>
                    <include>Texture_Highlight_ToggleButton_FakeFocus</include>                
                </control>
            </control>

            <control type="grouplist" id="2800">
                <right>0</right>
                <width>60</width>
                <centertop>50%</centertop>
                <orientation>horizontal</orientation>

                <onleft>Action(Select)</onleft>
                <onright>Action(Select)</onright>               
                <ondown condition="String.IsEqual(Window.Property(categories_menu),menu=homemenu)">303</ondown>
                <ondown condition="!String.IsEqual(Window.Property(categories_menu),menu=homemenu)">306</ondown>
                <ondown condition="!String.IsEqual(Window.Property(categories_menu),menu=homemenu)">SetProperty(HubRename,True,1115)</ondown>    
                <ondown condition="String.IsEqual(Window.Property(categories_menu),menu=homemenu)">ClearProperty(HubRename)</ondown>    

                <control type="button" id="2801">
                    <width>30</width>
                    <height>30</height>
                    <centertop>50%</centertop>
                    <texturenofocus colordiffuse="$VAR[Shortcuts_ColorSelected_30]" flipx="false">buttons/triangle-left.png</texturenofocus>
                    <texturefocus colordiffuse="$VAR[ColorSelected]" flipx="false">buttons/triangle-left.png</texturefocus>
                    <onclick>Control.Move(2804,-1)</onclick>
                    <onclick>SetFocus(2804)</onclick>
                    <onclick>Action(Select)</onclick>
                    <onclick>SetFocus(2801)</onclick>                    
                </control>
                <control type="button" id="2802">
                    <width>30</width>
                    <height>30</height>
                    <centertop>50%</centertop>
                    <texturenofocus colordiffuse="$VAR[Shortcuts_ColorSelected_30]" flipx="true">buttons/triangle-left.png</texturenofocus>
                    <texturefocus colordiffuse="$VAR[ColorSelected]" flipx="true">buttons/triangle-left.png</texturefocus>
                    <onclick>Control.Move(2804,1)</onclick>
                    <onclick>SetFocus(2804)</onclick>
                    <onclick>Action(Select)</onclick>
                    <onclick>SetFocus(2802)</onclick>        
                </control>
            </control>
        </control>
    </include>

    <include name="Shortcuts_Window_Hidden_Buttons">
        <include content="Object_Hidden_Button">
            <param name="id">1300</param>
            <onfocus>SetFocus(300)</onfocus>
            <onfocus condition="String.IsEqual(Window.Property(categories_menu),menu=homemenu)">SetProperty(Shortcuts.Category,$INFO[Container(303).ListItem.Property(guid)],Home)</onfocus>
            <onfocus condition="!String.IsEqual(Window.Property(categories_menu),menu=homemenu)">ClearProperty(Shortcuts.Category,Home)</onfocus>
            <onfocus>SetProperty(Shortcuts.Position,$INFO[Container(300).CurrentItem],Home)</onfocus>
            <onfocus>SetProperty(Shortcuts.EditMenu,$INFO[Container(300).ListItem.Property(menu),menu=,],Home)</onfocus>
            <onfocus>ClearProperty(Shortcuts.EditMode,Home)</onfocus>
            <onfocus>ClearProperty(Shortcuts.EditGUID,Home)</onfocus>
            <onfocus>AlarmClock(openwindow,ActivateWindow(1116),00:00,silent)</onfocus>
        </include>

        <include content="Object_Hidden_Button">
            <param name="id">1302</param>
            <onfocus>SetFocus(302)</onfocus>
            <onfocus>ClearProperty(Shortcuts.Category,Home)</onfocus>
            <onfocus>SetProperty(Shortcuts.Position,$INFO[Container(302).CurrentItem],Home)</onfocus>
            <onfocus>SetProperty(Shortcuts.EditMenu,$INFO[Container(302).ListItem.Property(menu),menu=,],Home)</onfocus>
            <onfocus>SetProperty(Shortcuts.EditMode,$INFO[Container(302).ListItem.Property(mode),mode=,],Home)</onfocus>
            <onfocus>SetProperty(Shortcuts.EditGUID,$INFO[Container(300).ListItem.Property(guid),guid=,],Home)</onfocus>
            <onfocus>AlarmClock(openwindow,ActivateWindow(1116),00:00,silent)</onfocus>
        </include>

        <include content="Object_Hidden_Button">
            <param name="id">1304</param>
            <onfocus>SetFocus(304)</onfocus>
            <onfocus>ClearProperty(Shortcuts.Category,Home)</onfocus>
            <onfocus>SetProperty(Shortcuts.Position,$INFO[Container(304).CurrentItem],Home)</onfocus>
            <onfocus>SetProperty(Shortcuts.EditMenu,$INFO[Container(304).ListItem.Property(menu),menu=,],Home)</onfocus>
            <onfocus>SetProperty(Shortcuts.EditMode,$VAR[Path_SkinVariables_1304_EditMode],Home)</onfocus>
            <onfocus>SetProperty(Shortcuts.EditGUID,$VAR[Path_SkinVariables_1304_EditGUID],Home)</onfocus>
            <onfocus>AlarmClock(openwindow,ActivateWindow(1116),00:00,silent)</onfocus>
        </include>

        <include content="Object_Hidden_List">
            <param name="id">2804</param>
            <content>
                <item>
                    <label>$LOCALIZE[10000]</label>
                    <property name="value">Hub.Home</property>
                    <onclick>SetProperty(categories_menu,menu=homemenu)</onclick>
                    <onclick>SetProperty(hub_prefix,Home)</onclick>
                </item>
                <item>
                    <label>$NUMBER[1101]$VAR[Label_Header_Main_1101, (,)]</label>
                    <property name="value">Hub.1101</property>
                    <onclick>SetProperty(categories_menu,menu=1101menu)</onclick>
                    <onclick>SetProperty(hub_prefix,1101)</onclick>
                </item>
                <item>
                    <label>$NUMBER[1102]$VAR[Label_Header_Main_1102, (,)]</label>
                    <property name="value">Hub.1102</property>
                    <onclick>SetProperty(categories_menu,menu=1102menu)</onclick>
                    <onclick>SetProperty(hub_prefix,1102)</onclick>
                </item>
                <item>
                    <label>$NUMBER[1103]$VAR[Label_Header_Main_1103, (,)]</label>
                    <property name="value">Hub.1103</property>
                    <onclick>SetProperty(categories_menu,menu=1103menu)</onclick>
                    <onclick>SetProperty(hub_prefix,1103)</onclick>
                </item>
                <item>
                    <label>$NUMBER[1104]$VAR[Label_Header_Main_1104, (,)]</label>
                    <property name="value">Hub.1104</property>
                    <onclick>SetProperty(categories_menu,menu=1104menu)</onclick>
                    <onclick>SetProperty(hub_prefix,1104)</onclick>
                </item>
                <item>
                    <label>$NUMBER[1106]$VAR[Label_Header_Main_1106, (,)]</label>
                    <property name="value">Hub.1106</property>
                    <onclick>SetProperty(categories_menu,menu=1106menu)</onclick>
                    <onclick>SetProperty(hub_prefix,1106)</onclick>
                </item>
                <item>
                    <label>$NUMBER[1107]$VAR[Label_Header_Main_1107, (,)]</label>
                    <property name="value">Hub.1107</property>
                    <onclick>SetProperty(categories_menu,menu=1107menu)</onclick>
                    <onclick>SetProperty(hub_prefix,1107)</onclick>
                </item>
                <item>
                    <label>$NUMBER[1108]$VAR[Label_Header_Main_1108, (,)]</label>
                    <property name="value">Hub.1108</property>
                    <onclick>SetProperty(categories_menu,menu=1108menu)</onclick>
                    <onclick>SetProperty(hub_prefix,1108)</onclick>
                </item>
                <item>
                    <label>$NUMBER[1109]$VAR[Label_Header_Main_1109, (,)]</label>
                    <property name="value">Hub.1109</property>
                    <onclick>SetProperty(categories_menu,menu=1109menu)</onclick>
                    <onclick>SetProperty(hub_prefix,1109)</onclick>
                </item>
                <item>
                    <label>$NUMBER[1110]$VAR[Label_Header_Main_1110, (,)]</label>
                    <property name="value">Hub.1110</property>
                    <onclick>SetProperty(categories_menu,menu=1110menu)</onclick>
                    <onclick>SetProperty(hub_prefix,1110)</onclick>
                </item>
                <item>
                    <label>$NUMBER[1112]$VAR[Label_Header_Main_1112, (,)]</label>
                    <property name="value">Hub.1112</property>
                    <onclick>SetProperty(categories_menu,menu=1112menu)</onclick>
                    <onclick>SetProperty(hub_prefix,1112)</onclick>
                </item>
                <item>
                    <label>$NUMBER[1114]$VAR[Label_Header_Main_1114, (,)]</label>
                    <property name="value">Hub.1114</property>
                    <onclick>SetProperty(categories_menu,menu=1114menu)</onclick>
                    <onclick>SetProperty(hub_prefix,1114)</onclick>
                </item>
                <item>
                    <label>$NUMBER[1125]$VAR[Label_Header_Main_1125, (,)]</label>
                    <property name="value">Hub.1125</property>
                    <onclick>SetProperty(categories_menu,menu=1125menu)</onclick>
                    <onclick>SetProperty(hub_prefix,1125)</onclick>
                </item>
                <item>
                    <label>$NUMBER[1126]$VAR[Label_Header_Main_1126, (,)]</label>
                    <property name="value">Hub.1126</property>
                    <onclick>SetProperty(categories_menu,menu=1126menu)</onclick>
                    <onclick>SetProperty(hub_prefix,1126)</onclick>
                </item>
                <item>
                    <label>$NUMBER[1127]$VAR[Label_Header_Main_1127, (,)]</label>
                    <property name="value">Hub.1127</property>
                    <onclick>SetProperty(categories_menu,menu=1127menu)</onclick>
                    <onclick>SetProperty(hub_prefix,1127)</onclick>
                </item>
            </content>
        </include>
    </include>
</includes>
