<?xml version="1.0" encoding="UTF-8"?>
<includes>

    <include name="Home_Menu_Content">
        <definition>
            <include content="Object_ContentNested">
                <include>skinvariables-sidemenu-staticitems</include>
            </include>
        </definition>
    </include>

    <include name="Home_Menu_ProfileButton">
        <definition>
            <control type="group">
                <centertop>100</centertop>
                <centerleft>100</centerleft>
                <height>50</height>
                <width>50</width>
                <control type="button" id="310">
                    <texturenofocus />
                    <include>Texture_KeyboardButton</include>
                    <ondown>SetFocus(303,0,absolute)</ondown>
                    <onup>309</onup>
                    <onleft>Action(PreviousMenu)</onleft>
                    <onright>Action(PreviousMenu)</onright>
                    <onclick>Action(PreviousMenu)</onclick>
                    <onclick condition="Skin.HasSetting(SkinUserLogin.Disabled)">System.LogOff</onclick>
                    <onclick condition="!Skin.HasSetting(SkinUserLogin.Disabled)">ActivateWindow(1195)</onclick>
                    <width>80</width>
                    <height>80</height>
                    <centerleft>50%</centerleft>
                    <centertop>50%</centertop>
                </control>
                <control type="image">
                    <include content="Dimension_Padding">
                        <param name="pad">-40</param>
                    </include>
                    <bordersize>40</bordersize>
                    <bordertexture colordiffuse="shadow_soft">shadows/circle_50-shadow-40.png</bordertexture>
                    <texture colordiffuse="panel_fg_100">diffuse/circle_50.png</texture>
                </control>
                <include content="Object_InfoCircle_Image">
                    <param name="colordiffuse">white</param>
                    <param name="icon">$VAR[Image_ProfileThumb]</param>
                </include>
            </control>
        </definition>
    </include>

    <include name="Home_Menu_List_OnBackInfo">
        <oninfo>ActivateWindow(1170)</oninfo>
        <onback>CancelAlarm(SplashTimeOut,silent)</onback>
        <onback condition="Window.IsVisible(Home) + !Skin.HasSetting(Navigation.DisableOptionsOnBack)">SetFocus(307)</onback>
    </include>

    <include name="Home_Menu_List_Vert">
        <left>0</left>
        <top>260</top>
        <bottom>260</bottom>
        <width>view_side</width>
    </include>

    <include name="Home_Menu_List_Horz">
        <include content="Object_Left" condition="Skin.HasSetting(SideMenu.EnableSearchAndOptions)">
            <param name="left">100</param>
        </include>
        <left>0</left>
        <centertop>100</centertop>
        <height>160</height>
        <width>540</width>
    </include>

    <include name="Home_Menu_List_SlideOver_OnFocus">
        <onfocus condition="!$EXP[Exp_HomeMenu_IsTopBar]">SetProperty(SideMenu.HasFocus,True,Home)</onfocus>
        <onfocus condition="$EXP[Exp_HomeMenu_IsTopBar]">ClearProperty(SideMenu.HasFocus,Home)</onfocus>
        <onunfocus condition="!$EXP[Exp_HomeMenu_IsStatic]">ClearProperty(SideMenu.HasFocus,Home)</onunfocus>
        <onunfocus condition="$EXP[Exp_HomeMenu_IsStatic]">SetProperty(SideMenu.HasFocus,True,Home)</onunfocus>
    </include>

    <include name="Home_Menu_List">
        <param name="items_include">Home_Menu_Content</param>
        <param name="onlist">320</param>
        <param name="id">303</param>
        <param name="vertical">false</param>
        <definition>
            <control type="group">

                <include condition="$PARAM[vertical]">Home_Menu_List_Vert</include>
                <include condition="![$PARAM[vertical]]">Home_Menu_List_Horz</include>

                <include content="Settings_Arrows" condition="$PARAM[vertical]">
                    <param name="arrow_prev_visible">Container($PARAM[id]).HasPrevious</param>
                    <param name="arrow_next_visible">Container($PARAM[id]).HasNext</param>
                    <param name="colordiffuse">main_fg_30</param>
                </include>

                <control type="list" id="$PARAM[id]">
                    <focusposition>2</focusposition>
                    <movement>2</movement>

                    <include>Home_Menu_List_OnBackInfo</include>
                    <include>Home_Menu_List_SlideOver_OnFocus</include>										

                    <onfocus>ClearProperty(WidgetGroup.Movement)</onfocus>
                    <onfocus>ClearProperty(SideMenu.CurrentItem)</onfocus>

                    <onfocus condition="Window.IsVisible(Home) + !String.IsEmpty(Window(1198).Property(TMDbHelper.WidgetContainer.UpdateLock.OnFocus))">SetProperty(TMDbHelper.WidgetContainer.UpdateLock,$INFO[ListItem.CurrentItem],1198)</onfocus>
                    <onfocus condition="Window.IsVisible(Home) + String.IsEmpty(Window(1198).Property(TMDbHelper.WidgetContainer.UpdateLock.OnFocus))">SetProperty(TMDbHelper.WidgetContainer.UpdateLock.OnFocus,True,1198)</onfocus>

                    <onfocus condition="!String.IsEmpty(Window.Property(List.ViewContainer.Prev))">SetProperty(List.ViewContainer,$INFO[Window.Property(List.ViewContainer.Prev)])</onfocus>
                    <onfocus condition="!String.IsEmpty(Window.Property(List.ViewContainer.Prev))">ClearProperty(List.ViewContainer.Prev)</onfocus>

                    <include content="Object_HitRect" condition="![$PARAM[vertical]] + !$EXP[Exp_Window_IsHub]">
                        <param name="x">0</param>
                        <param name="y">0</param>
                        <param name="w">0</param>
                        <param name="h">0</param>
                    </include>

                    <include content="Action_HomeMenu_OnRightLeft" condition="$PARAM[vertical]">
                        <param name="onlist">$PARAM[onlist]</param>
                        <param name="id">$PARAM[id]</param>
                    </include>
                    <include content="Action_HomeMenu_OnDownUp" condition="![$PARAM[vertical]]">
                        <param name="onlist">$PARAM[onlist]</param>
                        <param name="id">$PARAM[id]</param>
                    </include>

                    <include content="Object_Orientation" condition="$PARAM[vertical]">
                        <param name="orientation">vertical</param>
                    </include>
                    <include content="Object_Orientation" condition="![$PARAM[vertical]]">
                        <param name="orientation">horizontal</param>
                    </include>


                    <scrolltime tween="quadratic">400</scrolltime>

                    <include content="Home_Menu_List_ItemLayout" condition="Skin.HasSetting(Hub.Home.DisableSubmenu)">
                        <param name="id">$PARAM[id]</param>
                        <param name="hidden_button">Home_Menu_List_HiddenButton</param>
                        <param name="hidden_button_enabled">Window.IsVisible(Home)</param>
                        <param name="itemlayout_w">100</param>
                        <param name="vertical">$PARAM[vertical]</param>
                    </include>
                    <include content="Home_Menu_List_ItemLayout" condition="!Skin.HasSetting(Hub.Home.DisableSubmenu)">
                        <param name="id">$PARAM[id]</param>
                        <param name="hidden_button">Home_Menu_List_HiddenButton_Alt</param>
                        <param name="hidden_button_enabled">Window.IsVisible(Home)</param>
                        <param name="itemlayout_w">100</param>
                        <param name="vertical">$PARAM[vertical]</param>
                    </include>

                    <include>$PARAM[items_include]</include>
                </control>
            </control>
        </definition>
    </include>

    <include name="Home_Menu_List_HiddenButton">
        <control type="button">
            <visible allowhiddenfocus="true">false</visible>
            <animation effect="fade" start="0" end="0" time="50" reversible="false">Focus</animation>

            <onfocus condition="Window.IsVisible(Home) + !Integer.IsEqual(Window(1198).Property(TMDbHelper.WidgetContainer.UpdateLock),ListItem.CurrentItem)">SetProperty(TMDbHelper.WidgetContainer.UpdateLock,$INFO[ListItem.CurrentItem],1198)</onfocus>

            <onfocus condition="Window.IsActive(Home) + !Integer.IsEqual(Window(1198).Property(TMDbHelper.WidgetContainer.UpdateLock),ListItem.CurrentItem) + Skin.HasSetting(Hub.Home.WidgetSelector)">SetFocus(419,0,absolute)</onfocus>
            <onfocus condition="Window.IsActive(Home) + !Integer.IsEqual(Window(1198).Property(TMDbHelper.WidgetContainer.UpdateLock),ListItem.CurrentItem) + !Skin.HasSetting(Hub.Home.WidgetSelector)">SetFocus($INFO[ListItem.Property(widgets_first_id)])</onfocus>
            <onfocus condition="Window.IsActive(Home) + !Integer.IsEqual(Window(1198).Property(TMDbHelper.WidgetContainer.UpdateLock),ListItem.CurrentItem)">SetFocus($VAR[Action_Hubs_MenuID])</onfocus>

            <onfocus condition="Window.IsActive(Home) + !Integer.IsEqual(Window(1198).Property(TMDbHelper.WidgetContainer.UpdateLock),ListItem.CurrentItem)">SetProperty(TMDbHelper.WidgetContainer,$INFO[ListItem.Property(widgets_first_id)],Home)</onfocus>
            <onfocus condition="Window.IsActive(Home) + !Integer.IsEqual(Window(1198).Property(TMDbHelper.WidgetContainer.UpdateLock),ListItem.CurrentItem)">SetProperty(Slide.WidgetContainer,$INFO[ListItem.Property(widgets_first_id)],Home)</onfocus>
            <onfocus condition="Window.IsActive(Home) + !Integer.IsEqual(Window(1198).Property(TMDbHelper.WidgetContainer.UpdateLock),ListItem.CurrentItem)">ClearProperty(List.ViewContainer,Home)</onfocus>
            <onfocus condition="Window.IsActive(Home) + !Integer.IsEqual(Window(1198).Property(TMDbHelper.WidgetContainer.UpdateLock),ListItem.CurrentItem)">ClearProperty(List.ViewContainer.Left,Home)</onfocus>
            <onfocus condition="Window.IsActive(Home) + !Integer.IsEqual(Window(1198).Property(TMDbHelper.WidgetContainer.UpdateLock),ListItem.CurrentItem)">ClearProperty(List.ViewContainer.Prev,Home)</onfocus>
            <onfocus condition="Window.IsActive(Home) + !Integer.IsEqual(Window(1198).Property(TMDbHelper.WidgetContainer.UpdateLock),ListItem.CurrentItem)">SetProperty(SideMenu.CurrentName,$INFO[ListItem.Label],Home)</onfocus>

            <!-- <onfocus>ClearProperty(TMDbHelper.WidgetContainer.UpdateLock,1198)</onfocus>

            <onfocus condition="Window.IsActive(Home)">AlarmClock(clearupdatelock,ClearProperty(TMDbHelper.WidgetContainer.UpdateLock,1198),00:00,silent)</onfocus> -->

        </control>
    </include>

    <include name="Home_Menu_List_HiddenButton_Alt">
        <control type="button">
            <visible allowhiddenfocus="true">false</visible>
            <animation effect="fade" start="0" end="0" time="50" reversible="false">Focus</animation>

            <onfocus condition="Window.IsVisible(Home) + !Integer.IsEqual(Window(1198).Property(TMDbHelper.WidgetContainer.UpdateLock),ListItem.CurrentItem)">SetProperty(TMDbHelper.WidgetContainer.UpdateLock,$INFO[ListItem.CurrentItem],1198)</onfocus>

            <onfocus condition="Window.IsActive(Home) + !Integer.IsEqual(Window(1198).Property(TMDbHelper.WidgetContainer.UpdateLock),ListItem.CurrentItem)">SetFocus(300,0,absolute)</onfocus>
            <onfocus condition="Window.IsActive(Home) + !Integer.IsEqual(Window(1198).Property(TMDbHelper.WidgetContainer.UpdateLock),ListItem.CurrentItem)">SetFocus($INFO[Container(300).ListItemAbsolute(0).Property(item)]302,0,absolute)</onfocus>
            <onfocus condition="Window.IsActive(Home) + !Integer.IsEqual(Window(1198).Property(TMDbHelper.WidgetContainer.UpdateLock),ListItem.CurrentItem) + Skin.HasSetting(Hub.Home.WidgetSelector)">SetFocus(419,0,absolute)</onfocus>
            <onfocus condition="Window.IsActive(Home) + !Integer.IsEqual(Window(1198).Property(TMDbHelper.WidgetContainer.UpdateLock),ListItem.CurrentItem)">SetFocus(311)</onfocus>
            <onfocus condition="Window.IsActive(Home) + !Integer.IsEqual(Window(1198).Property(TMDbHelper.WidgetContainer.UpdateLock),ListItem.CurrentItem)">SetFocus($VAR[Action_Hubs_MenuID])</onfocus>

            <onfocus condition="Window.IsActive(Home) + !Integer.IsEqual(Window(1198).Property(TMDbHelper.WidgetContainer.UpdateLock),ListItem.CurrentItem)">SetProperty(TMDbHelper.WidgetContainer,301,Home)</onfocus>
            <onfocus condition="Window.IsActive(Home) + !Integer.IsEqual(Window(1198).Property(TMDbHelper.WidgetContainer.UpdateLock),ListItem.CurrentItem)">ClearProperty(Slide.WidgetContainer,Home)</onfocus>
            <onfocus condition="Window.IsActive(Home) + !Integer.IsEqual(Window(1198).Property(TMDbHelper.WidgetContainer.UpdateLock),ListItem.CurrentItem)">SetProperty(List.ViewContainer,$VAR[Path_Spotlight_Default_ViewContainer],Home)</onfocus>
            <onfocus condition="Window.IsActive(Home) + !Integer.IsEqual(Window(1198).Property(TMDbHelper.WidgetContainer.UpdateLock),ListItem.CurrentItem)">ClearProperty(List.ViewContainer.Left,Home)</onfocus>
            <onfocus condition="Window.IsActive(Home) + !Integer.IsEqual(Window(1198).Property(TMDbHelper.WidgetContainer.UpdateLock),ListItem.CurrentItem)">ClearProperty(List.ViewContainer.Prev,Home)</onfocus>
            <onfocus condition="Window.IsActive(Home) + !Integer.IsEqual(Window(1198).Property(TMDbHelper.WidgetContainer.UpdateLock),ListItem.CurrentItem)">SetProperty(SideMenu.CurrentName,$INFO[ListItem.Label],Home)</onfocus>

            <!-- <onfocus condition="Window.IsActive(Home)">AlarmClock(clearupdatelock,ClearProperty(TMDbHelper.WidgetContainer.UpdateLock,1198),00:00,silent)</onfocus> -->
        </control>
    </include>

    <include name="Home_Menu_List_ItemLayout">
        <param name="layoutnf">[!Skin.HasSetting(Home.SideMenu.DisableIndicator) + !Window.IsVisible(1172) + Window.IsVisible(Home) + [Skin.HasSetting(Hub.Home.DisableSubmenu) + !Skin.HasSetting(Hub.Home.WidgetSelector) + !Skin.HasSetting(Hub.Home.DisableMoveBetweenGroups) + String.IsEqual(ListItem.Property(guid),Window.Property(SideMenu.CurrentGUID))]]</param>
        <param name="layoutfo">[!Skin.HasSetting(Home.SideMenu.DisableIndicator) + !Window.IsVisible(1172) + Window.IsVisible(Home) + [[Skin.HasSetting(Hub.Home.DisableSubmenu) + !Skin.HasSetting(Hub.Home.WidgetSelector) + !Skin.HasSetting(Hub.Home.DisableMoveBetweenGroups) + String.IsEqual(ListItem.Property(guid),Window.Property(SideMenu.CurrentGUID))] | !Skin.HasSetting(Hub.Home.DisableSubmenu) | Skin.HasSetting(Hub.Home.WidgetSelector) | Skin.HasSetting(Hub.Home.DisableMoveBetweenGroups)]]</param>
        <param name="altfocus">false</param>
        <definition>
            <itemlayout height="100" width="100">
                <control type="group">
                    <left>view_menu</left>
                    <top>40</top>
                    <bottom>-40</bottom>
                    <include content="Layout_Home_Menu">
                        <param name="selected">false</param>
                        <param name="detailed">Control.HasFocus($PARAM[id])</param>
                        <param name="layoutfo">$PARAM[layoutnf]</param>
                        <param name="vertical">$PARAM[vertical]</param>
                    </include>
                </control>
            </itemlayout>
            <focusedlayout height="100" width="100" condition="![Skin.HasSetting(Topbar.EnableFocusedText) + $EXP[Exp_HomeMenu_IsTopBar] + !Window.IsVisible(1115)]">
                <include condition="$PARAM[hidden_button_enabled]">$PARAM[hidden_button]</include>
                <control type="group">
                    <left>view_menu</left>
                    <top>40</top>
                    <bottom>-40</bottom>
                    <control type="group">
                        <visible>![Control.HasFocus($PARAM[id]) | $PARAM[altfocus]]</visible>
                        <include content="Layout_Home_Menu">
                            <param name="selected">false</param>
                            <param name="detailed">[Control.HasFocus($PARAM[id]) | $PARAM[altfocus]]</param>
                            <param name="layoutfo">$PARAM[layoutfo]</param>
                            <param name="vertical">$PARAM[vertical]</param>
                        </include>
                    </control>
                    <control type="group">
                        <visible>Control.HasFocus($PARAM[id]) | $PARAM[altfocus]</visible>
                        <include content="Layout_Home_Menu">
                            <param name="selected">true</param>
                            <param name="detailed">[Control.HasFocus($PARAM[id]) | $PARAM[altfocus]]</param>
                            <param name="layoutfo">$PARAM[layoutfo]</param>
                            <param name="vertical">$PARAM[vertical]</param>
                        </include>
                    </control>
                </control>
            </focusedlayout>
			<focusedlayout height="100" width="270" condition="[Skin.HasSetting(Topbar.EnableFocusedText) + $EXP[Exp_HomeMenu_IsTopBar] + !Window.IsVisible(1115) + ![Control.HasFocus(308) | Control.HasFocus(309)]]">
                <include condition="$PARAM[hidden_button_enabled]">$PARAM[hidden_button]</include>
                <control type="group">
					<control type="image">
						<include>Texture_Menu_Highlight_H</include>
                        <height>80</height>
                        <left>40</left>
                        <right>-60</right>
                        <top>39</top>							
					</control>					
					<control type="group">
						<left>view_menu</left>
						<top>40</top>
						<bottom>-40</bottom>
                        <include content="Layout_Home_Menu">
                            <param name="selected">true</param>
                            <param name="detailed">true</param>
                            <param name="layoutfo">$PARAM[layoutfo]</param>
                            <param name="vertical">$PARAM[vertical]</param>
							<param name="circle_focus">false</param>
                        </include>
                    </control>
					<control type="group">
						<height>35</height>
						<centertop>80%</centertop>	
						<left>150</left>
						<right>-40</right>
						<control type="label">
							<label>$INFO[Container(303).ListItem.Label]</label>
							<font>font_mini_bold</font>
							<textcolor>$VAR[ColorSelected]</textcolor>	
							<align>left</align>
						</control>	
					</control>			
				</control>			
            </focusedlayout>
        </definition>
    </include>

    <include name="Home_Menu_Button_Back">
        <control type="button" id="$PARAM[id]">
            <texturenofocus />
            <include>Texture_KeyboardButton</include>
            <include content="Dimension_Padding">
                <param name="pad">-20</param>
            </include>
            <nested />
        </control>
    </include>

    <include name="Home_Menu_Button_Icon">
        <param name="focused">$EXP[Exp_HomeMenu_HasFocus]</param>
        <param name="color_nf">main_fg_30</param>
        <definition>
            <control type="group">
                <nested />
                <width>40</width>
                <height>40</height>
                <control type="image">
                    <aspectratio>keep</aspectratio>
                    <bordersize>icon_home_bordersize</bordersize>
                    <texture colordiffuse="$PARAM[color_nf]">$PARAM[icon]</texture>
                    <visible>!Control.HasFocus($PARAM[id])</visible>
                </control>
                <control type="image">
                    <aspectratio>keep</aspectratio>
                    <bordersize>icon_home_bordersize</bordersize>
                    <texture colordiffuse="$VAR[ColorSelected]">$PARAM[icon]</texture>
                    <visible>Control.HasFocus($PARAM[id])</visible>
                </control>
            </control>
        </definition>
    </include>

    <include name="Home_Menu_Fade_Labels">
        <control type="group">
            <width>480</width>
            <visible>$EXP[Exp_HomeMenu_HasFocus]</visible>
            <include content="Animation_Slide_In">
                <param name="type">Visible</param>
                <param name="posx">-80</param>
            </include>
            <include content="Animation_Slide_Out">
                <param name="type">Hidden</param>
                <param name="posx">-80</param>
            </include>
            <include content="Animation_Slide_In" condition="Window.IsActive(1172)">
                <param name="type">WindowOpen</param>
                <param name="posx">-80</param>
            </include>
            <include content="Animation_Slide_Out" condition="Window.IsActive(1172)">
                <param name="type">WindowClose</param>
                <param name="posx">-80</param>
            </include>
            <control type="image">
                <right>-1080</right>
                <texture colordiffuse="$VAR[ColorBackgroundFade]">common/dim-thick-side-full.png</texture>
            </control>
            <control type="image">
                <right>-540</right>
                <texture colordiffuse="$VAR[ColorBackgroundFade]">common/dim-thick-side-full.png</texture>
            </control>
        </control>
        <control type="grouplist">
            <top>320</top>
            <left>80</left>
            <orientation>vertical</orientation>
            <animation effect="slide" end="0,-100" time="400" tween="quadratic" reversible="false" condition="Container(303).OnScrollNext">Conditional</animation>
            <animation effect="slide" end="0,100" time="400" tween="quadratic" reversible="false" condition="Container(303).OnScrollPrevious">Conditional</animation>
            <control type="group">
                <height>100</height>
                <include content="Layout_Home_Menu_Label">
                    <param name="detailed">true</param>
                    <param name="selected">[Control.HasFocus(303) + String.IsEqual(Container(303).ListItemPosition(0).CurrentItem,Container(303).ListItem.CurrentItem)]</param>
                    <param name="label">$INFO[Container(303).ListItemPosition(0).Label]</param>
                </include>
            </control>
            <control type="group">
                <height>100</height>
                <include content="Layout_Home_Menu_Label">
                    <param name="detailed">true</param>
                    <param name="selected">[Control.HasFocus(303) + String.IsEqual(Container(303).ListItemPosition(1).CurrentItem,Container(303).ListItem.CurrentItem)]</param>
                    <param name="label">$INFO[Container(303).ListItemPosition(1).Label]</param>
                </include>
            </control>
            <control type="group">
                <height>100</height>
                <include content="Layout_Home_Menu_Label">
                    <param name="detailed">true</param>
                    <param name="selected">[Control.HasFocus(303) + String.IsEqual(Container(303).ListItemPosition(2).CurrentItem,Container(303).ListItem.CurrentItem)]</param>
                    <param name="label">$INFO[Container(303).ListItemPosition(2).Label]</param>
                </include>
            </control>
            <control type="group">
                <height>100</height>
                <include content="Layout_Home_Menu_Label">
                    <param name="detailed">true</param>
                    <param name="selected">[Control.HasFocus(303) + String.IsEqual(Container(303).ListItemPosition(3).CurrentItem,Container(303).ListItem.CurrentItem)]</param>
                    <param name="label">$INFO[Container(303).ListItemPosition(3).Label]</param>
                </include>
            </control>
            <control type="group">
                <height>100</height>
                <include content="Layout_Home_Menu_Label">
                    <param name="detailed">true</param>
                    <param name="selected">[Control.HasFocus(303) + String.IsEqual(Container(303).ListItemPosition(4).CurrentItem,Container(303).ListItem.CurrentItem)]</param>
                    <param name="label">$INFO[Container(303).ListItemPosition(4).Label]</param>
                </include>
            </control>
        </control>
    </include>

    <include name="Home_Menu_SearchAndOptions_SearchButton">
        <param name="vertical">false</param>
        <definition>
            <control type="button" id="309">
                <texturenofocus />
                <include>Texture_KeyboardButton</include>
                <width>80</width>
                <height>80</height>
                <centerleft>50%</centerleft>
                <centertop>50%</centertop>
				
				<onfocus>ClearProperty(TMDbHelper.WidgetContainer.UpdateLock.OnFocus,1198)</onfocus>
				
                <include>Home_Menu_List_OnBackInfo</include>
                <include>Home_Menu_List_SlideOver_OnFocus</include>

                <onclick>SetProperty(SearchDiscover.FocusFilter,True,Home)</onclick>
                <onclick>$VAR[Action_ActivateSearchDiscover]</onclick>

                <onleft condition="$PARAM[vertical] + !Skin.HasSetting(Navigation.DisableOptionsOnLeft)">ActivateWindow(1170)</onleft>
                <onup condition="$PARAM[vertical]">308</onup>
                <ondown condition="$PARAM[vertical]">SetFocus(303,0,absolute)</ondown>
                <ondown condition="![$PARAM[vertical]]">SetFocus($INFO[Window.Property(TMDbHelper.WidgetContainer)])</ondown>
                <onright condition="$PARAM[vertical]">Action(Select)</onright>

                <onleft condition="![$PARAM[vertical]]">308</onleft>
                <onright condition="![$PARAM[vertical]]">SetFocus(303,0,absolute)</onright>

                <include content="Object_HitRect" condition="![$PARAM[vertical]] + !$EXP[Exp_Window_IsHub]">
                    <param name="x">0</param>
                    <param name="y">0</param>
                    <param name="w">0</param>
                    <param name="h">0</param>
                </include>
            </control>
            <control type="image">
                <texture colordiffuse="$VAR[Layout_Home_Menu_Color_NF]">special://skin/extras/icons/search.png</texture>
                <bordersize>icon_home_bordersize</bordersize>
                <visible>!Control.HasFocus(309)</visible>
            </control>
            <control type="image">
                <texture colordiffuse="$VAR[ColorSelected]">special://skin/extras/icons/search.png</texture>
                <bordersize>icon_home_bordersize</bordersize>
                <visible>Control.HasFocus(309)</visible>
            </control>
        </definition>
    </include>

    <include name="Home_Menu_SearchAndOptions_OptionButton">
        <param name="vertical">false</param>
        <definition>
            <control type="button" id="308">
                <texturenofocus />
                <include>Texture_KeyboardButton</include>
                <width>80</width>
                <height>80</height>
                <centerleft>50%</centerleft>
                <centertop>50%</centertop>
                <onclick>ActivateWindow(1170)</onclick>
				
				<onfocus>ClearProperty(TMDbHelper.WidgetContainer.UpdateLock.OnFocus,1198)</onfocus>

                <include>Home_Menu_List_OnBackInfo</include>
                <include>Home_Menu_List_SlideOver_OnFocus</include>

                <onleft condition="$PARAM[vertical] + !Skin.HasSetting(Navigation.DisableOptionsOnLeft)">ActivateWindow(1170)</onleft>
                <ondown condition="$PARAM[vertical]">309</ondown>
				<ondown condition="![$PARAM[vertical]]">SetFocus($INFO[Window.Property(TMDbHelper.WidgetContainer)])</ondown>
                <onup condition="$PARAM[vertical]">SetFocus(303,9999,absolute)</onup>
                <onright condition="$PARAM[vertical]">Action(Select)</onright>

                <onright condition="![$PARAM[vertical]]">309</onright>
                <onleft condition="![$PARAM[vertical]]">SetFocus(303,0,absolute)</onleft>

                <include content="Object_HitRect" condition="![$PARAM[vertical]] + !$EXP[Exp_Window_IsHub]">
                    <param name="x">0</param>
                    <param name="y">0</param>
                    <param name="w">0</param>
                    <param name="h">0</param>
                </include>
            </control>
            <control type="image">
                <texture colordiffuse="$VAR[Layout_Home_Menu_Color_NF]">special://skin/extras/icons/bars.png</texture>
                <bordersize>icon_home_bordersize</bordersize>
                <visible>!Control.HasFocus(308)</visible>
            </control>
            <control type="image">
                <texture colordiffuse="$VAR[ColorSelected]">special://skin/extras/icons/bars.png</texture>
                <bordersize>icon_home_bordersize</bordersize>
                <visible>Control.HasFocus(308)</visible>
            </control>
        </definition>
    </include>

    <include name="Home_Menu_SearchAndOptions_Vert">
        <control type="group">
            <width>40</width>
            <height>40</height>
            <centerleft>100</centerleft>
            <centertop>100</centertop>
            <include content="Home_Menu_SearchAndOptions_SearchButton">
                <param name="vertical">true</param>
            </include>
        </control>

        <control type="group">
            <width>40</width>
            <height>40</height>
            <centerleft>100</centerleft>
            <centerbottom>100</centerbottom>
            <include content="Home_Menu_SearchAndOptions_OptionButton">
                <param name="vertical">true</param>
            </include>
        </control>
    </include>

    <include name="Home_Menu_SearchAndOptions_Horz">
        <control type="group">
            <width>40</width>
            <height>40</height>
            <centerleft>100</centerleft>
            <centertop>100</centertop>
            <include content="Home_Menu_SearchAndOptions_SearchButton">
                <param name="vertical">false</param>
            </include>
        </control>
        <control type="group">
            <width>40</width>
            <height>40</height>
            <centerright>100</centerright>
            <centertop>100</centertop>
            <include content="Home_Menu_SearchAndOptions_OptionButton">
                <param name="vertical">false</param>
            </include>
        </control>
    </include>

    <include name="Home_Menu_Horz">
        <control type="group">
            <include>Animation_Home_Topbar</include>
            <include condition="Skin.HasSetting(SideMenu.EnableSearchAndOptions)">Home_Menu_SearchAndOptions_Horz</include>
            <include content="Home_Menu_List">
                <param name="onlist">$PARAM[onlist]</param>
                <param name="window_id">$PARAM[window_id]</param>
                <param name="vertical">false</param>
            </include>
        </control>
    </include>

    <include name="Home_Menu_Vert">
        <control type="group">
            <include>Animation_Home_SlideOver</include>
            <include condition="Skin.HasSetting(SideMenu.EnableSearchAndOptions)">Home_Menu_SearchAndOptions_Vert</include>
            <include content="Home_Menu_List">
                <param name="onlist">$PARAM[onlist]</param>
                <param name="window_id">$PARAM[window_id]</param>
                <param name="vertical">true</param>
            </include>
        </control>
    </include>
	
	<include name="Home_Menu_Vert_Background">
        <param name="subline_visible">true</param>
        <param name="dialog_size">Dimension_DialogSideMenu</param>
        <param name="include_ribbon">false</param>
        <param name="include_dialog">true</param>
        <param name="include_mask">true</param>
        <definition>
            <control type="group">
                <left>$PARAM[left]</left>
                <width>$PARAM[width]</width>
                <control type="group">
                    <left>-20</left>
                    <right>-20</right>
                    <include content="Object_Control" condition="$PARAM[include_mask]">
                        <param name="control">image</param>
                        <left>-1920</left>
                        <texture colordiffuse="$VAR[ColorBackground]">common/white.png</texture>
                    </include>
                    <include content="Object_Control" condition="$PARAM[include_ribbon]">
                        <param name="control">image</param>
                        <left>-1920</left>
                        <texture colordiffuse="dialog_bg_30">common/white.png</texture>
                    </include>
                    <include content="Object_Control" condition="$PARAM[include_ribbon]">
                        <param name="control">image</param>
                        <right>0</right>
                        <width>1</width>
                        <texture colordiffuse="$VAR[Color_DialogBorder]">common/white.png</texture>
                    </include>
                    <include content="Dialog_Background_Group" condition="$PARAM[include_dialog]">
                        <param name="include_glass">true</param>
                        <param name="dialog_size">$PARAM[dialog_size]</param>
						<param name="adaptive_texture">$PARAM[adaptive_texture]</param>	
                    </include>
                </control>
                <control type="group">
                    <top>40</top>
                    <bottom>40</bottom>
                    <right>20</right>
                    <left>20</left>

                    <visible>$PARAM[include_dialog]</visible>

                    <control type="image">
                        <top>120</top>
                        <left>40</left>
                        <right>40</right>
                        <height>1</height>
                        <texture colordiffuse="$VAR[Color_DialogBorder]">common/white.png</texture>
                    </control>

                    <control type="image">
                        <bottom>120</bottom>
                        <left>40</left>
                        <right>40</right>
                        <height>1</height>
                        <texture colordiffuse="$VAR[Color_DialogBorder]">common/white.png</texture>
                        <visible>$PARAM[subline_visible]</visible>
                    </control>
                </control>
            </control>
        </definition>
    </include>

    <include name="Home_Menu">
        <control type="group">
            <visible>!$EXP[Exp_InfoDialogs]</visible>
            <include content="Home_Menu_Vert" condition="!$EXP[Exp_HomeMenu_IsTopBar]">
                <param name="onlist">$PARAM[onlist]</param>
                <param name="window_id">$PARAM[window_id]</param>
            </include>
            <include content="Home_Menu_Horz" condition="$EXP[Exp_HomeMenu_IsTopBar]">
                <param name="onlist">$PARAM[onlist]</param>
                <param name="window_id">$PARAM[window_id]</param>
            </include>
        </control>
    </include>

    <include name="Home_Menu_Media">
        <include content="Home_Menu" condition="![!$EXP[Exp_HomeMenu_IsExpanded] + !$EXP[Exp_HomeMenu_IsTopBar] + Skin.HasSetting(Navigation.OnBack.ExpandMenu)]">
            <param name="onlist">$PARAM[onlist]</param>
            <param name="window_id">$PARAM[window_id]</param>
        </include>
        <include content="Object_Hidden_Button" condition="!$EXP[Exp_HomeMenu_IsExpanded] + !$EXP[Exp_HomeMenu_IsTopBar] + Skin.HasSetting(Navigation.OnBack.ExpandMenu)">
            <param name="id">303</param>
            <onfocus>SetFocus($PARAM[onlist])</onfocus>
            <onfocus>ActivateWindow(1172)</onfocus>
        </include>
    </include>


</includes>
