<contents>
    <value name="widget_id">$MATH[{grouplist_item_x} * 1000 + 600 + 1]</value>
    <value name="widget_group_id">$MATH[{grouplist_item_x} * 1000 + 700 + 1]</value>
    <value name="widget_selector_id">419</value>
    <value name="widget_shortstack_id">$MATH[{grouplist_item_x} * 1000 + 800 + 1]</value>
    <value name="widget_prev_id">$MATH[{grouplist_item_x} * 1000 + 600 + 1 - 1]</value>
    <value name="widget_next_id">$MATH[{grouplist_item_x} * 1000 + 600 + 1 + 1]</value>
    <value name="widget_nextnext_id">$MATH[{grouplist_item_x} * 1000 + 600 + 1 + 2]</value>
    <value name="widget_nextnextnext_id">$MATH[{grouplist_item_x} * 1000 + 600 + 1 + 3]</value>

    <rules name="widget_altvisible">
        <rule>
            <condition>Skin.HasSetting(Hub.{window_id}.WidgetSelector)</condition>
            <value>String.IsEqual(Container({widget_selector_id}).ListItem.Property(guid),{item_guid}) + [!String.IsEmpty(Window.Property(Item.{grouplist_item_x}302.SpecialFolderPath)) | ControlGroup(3002).HasFocus() | Control.HasFocus(300)]</value>
        </rule>
        <rule>
            <condition>True</condition>
            <value>[!String.IsEmpty(Window.Property(Item.{grouplist_item_x}302.SpecialFolderPath)) | ControlGroup(3002).HasFocus() | Control.HasFocus(300)]</value>
        </rule>
    </rules>

    <value name="widget_path">$INFO[Window.Property(Item.{grouplist_item_x}302.SpecialFolderPath)]</value>
    <value name="widget_label">$INFO[Window.Property(Item.{grouplist_item_x}302.SpecialFolderLabel)]</value>
</contents>