<?xml version="1.0" encoding="UTF-8"?>
<window>
    <zorder>0</zorder>
    <visible>!Player.HasGame</visible>
    <visible>!Window.IsActive(DialogPlayerProcessInfo.xml)</visible>
    <visible>Window.IsActive(VideoFullScreen.xml) | Window.IsActive(MusicVisualisation.xml)</visible>
    <visible>Window.IsActive(videoosd) | Window.IsActive(musicosd) | Player.Caching | Player.ShowInfo | Player.Seeking | Player.HasPerformedSeek(2) | [Player.Paused + [!System.IdleTime(3) | !Skin.HasSetting(OSD.AutoHideOnPause)]] | Player.Forwarding | Player.Rewinding | Window.IsActive(DialogFullScreenInfo.xml) | !String.IsEmpty(Player.SeekNumeric) | !String.IsEmpty(PVR.ChannelNumberInput) | Window.IsVisible(script-cu-lrclyrics-main.xml) | $EXP[Exp_OSD_ExpandInfo]</visible>
    <visible>!Window.IsVisible(DialogSlider.xml)</visible>
    <onload condition="Player.Paused + !String.IsEmpty(Window(Home).Property(OSDExtendedInfo))">PlayerControl(Play)</onload>
    <onload condition="Player.Paused + !String.IsEmpty(Window(Home).Property(OSDExtendedInfo))">ClearProperty(OSDExtendedInfo,Home)</onload>
    <controls>
    
    <!-- HDR Pop Up Logo -->
        <control type="group">
            <visible>[!String.IsEmpty(System.SupportedHDRTypes) + !String.IsEmpty(VideoPlayer.Hdrtype) + Skin.HasSetting(Enable.OSD.HDRPopUp) + !Skin.String(OSD.HDRPopUp,None) + Integer.IsGreaterOrEqual(Skin.TimerElapsedSecs(hdr_logo_popup),2) + Integer.IsLessOrEqual(Skin.TimerElapsedSecs(hdr_logo_popup),6)]</visible>        
            <animation effect="fade" start="0" end="100" time="500" delay="2000" reversible="false">Visible</animation>
            <animation effect="fade" start="100" end="0" time="500" delay="1000" reversible="false">Hidden</animation>
            <width>150</width>
            <right>view_menu</right>                
            <control type="image">    
                <texture>$VAR[Image_OSD_HDRPopUp]</texture>    
                <aspectratio>keep</aspectratio>    
                <centerright>50%</centerright>
                <centertop>100</centertop>
            </control>
        </control>

        <control type="image">
            <texture colordiffuse="7f000000">common/white.png</texture>
            <visible>[!String.IsEmpty(Window(Home).Property(OSDArtistDetails)) + !Window.IsVisible(1142)] | Window.IsVisible(script-cu-lrclyrics-main.xml)</visible>
            <include>Animation_OSD_Fullscreen_Change</include>
        </control>

        <control type="image">
            <texture colordiffuse="panel_bg_70">background/combined_flixart.png</texture>
            <include>Animation_OSD_Fullscreen_Change</include>
        </control>

        <control type="group">
            <visible>!$EXP[Exp_InfoDialogs]</visible>
            <include>Animation_OSD_Fullscreen_Change</include>
            <include condition="VideoPlayer.IsFullscreen">OSD_VideoSeekBar</include>
            <include condition="!VideoPlayer.IsFullscreen">OSD_MusicSeekBar</include>
        </control>

    </controls>
</window>