<?xml version="1.0" encoding="UTF-8"?>
<includes>

    <!-- Square Row -->
    <include name="View_050_Square_Row">
        <include content="View_Row_Include">
            <param name="id">50</param>
            <param name="include">List_Square_Row</param>
            <param name="viewtype_label">$LOCALIZE[31320]</param>
            <param name="visible">$EXP[Exp_View_50]</param>
        </include>
    </include>

    <!-- Landscape Row -->
    <include name="View_051_Landscape_Row">
        <include content="View_Row_Include">
            <param name="id">51</param>
            <param name="include">List_Landscape_Row</param>
            <param name="viewtype_label">$LOCALIZE[31045]</param>
            <param name="visible">$EXP[Exp_View_51]</param>
        </include>
    </include>

    <!-- Poster Row -->
    <include name="View_052_Poster_Row">
        <include content="View_Row_Include">
            <param name="id">52</param>
            <param name="include">List_Poster_Row</param>
            <param name="viewtype_label">$LOCALIZE[20021]</param>
            <param name="visible">$EXP[Exp_View_52]</param>
        </include>
    </include>

    <!-- Circle Row -->
    <include name="View_500_Circle_Row">
        <include content="View_Row_Include">
            <param name="id">500</param>
            <param name="include">List_Circle_Row</param>
            <param name="viewtype_label">$LOCALIZE[31431]</param>
            <param name="visible">$EXP[Exp_View_500]</param>
        </include>
    </include>
    
    <!-- Ring Row (Circle (S)) -->
    <include name="View_535_Ring_Row">
        <include content="View_Row_Include">
            <param name="id">535</param>
            <param name="include">List_Ring_Row</param>
            <param name="viewtype_label">$LOCALIZE[31431] (S)</param>
            <param name="visible">$EXP[Exp_View_535]</param>
        </include>
    </include>
    
    <!-- Banner Row -->
    <include name="View_530_Banner_Row">
        <include content="View_Row_Include">
            <param name="id">530</param>
            <param name="include">List_Banner_Row</param>
            <param name="viewtype_label">$LOCALIZE[20020]</param>
            <param name="visible">$EXP[Exp_View_530]</param>
        </include>
    </include>
    
    <!-- Card Row -->
    <include name="View_532_Card_Row">
        <include content="View_Row_Include">
            <param name="id">532</param>
            <param name="include">List_Card_Row</param>
            <param name="viewtype_label">$LOCALIZE[31423]</param>
            <param name="visible">$EXP[Exp_View_532]</param>
        </include>
    </include>
    
    <!-- Overview Row -->
    <include name="View_533_Overview_Row">
        <include content="View_Row_Include">
            <param name="id">533</param>
            <param name="include">List_Overview_Row</param>
            <param name="viewtype_label">$LOCALIZE[31419]</param>
            <param name="visible">$EXP[Exp_View_533]</param>
        </include>
    </include>
    
    <!-- Board Row -->
    <include name="View_531_Board_Row">
        <include content="View_Row_Include">
            <param name="id">531</param>
            <param name="include">List_Board_Row</param>
            <param name="viewtype_label">$LOCALIZE[31424]</param>
            <param name="visible">$EXP[Exp_View_531]</param>
        </include>
    </include>
    
    <!-- Icon Row (Square (S))-->
    <include name="View_537_Icon_Row">
        <include content="View_Row_Include">
            <param name="id">537</param>
            <param name="include">List_Icon_Row</param>
            <param name="viewtype_label">$LOCALIZE[31320] (S)</param>
            <param name="visible">$EXP[Exp_View_537]</param>
        </include>
    </include>
    
    <!-- Placard Row (Board (T))-->
    <include name="View_534_Placard_Row">
        <include content="View_Row_Include">
            <param name="id">534</param>
            <param name="include">List_Placard_Row</param>
            <param name="viewtype_label">$LOCALIZE[31424] (T)</param>
            <param name="visible">$EXP[Exp_View_534]</param>
        </include>
    </include>
    
    <!-- Text Row (Overview (S))-->
    <include name="View_539_Text_Row">
        <include content="View_Row_Include">
            <param name="id">539</param>
            <param name="include">List_Text_Row</param>
            <param name="viewtype_label">$LOCALIZE[31419] (S)</param>
            <param name="visible">$EXP[Exp_View_539]</param>
        </include>
    </include>
    
    <!-- Apps Row (Landscape (S))-->
    <include name="View_536_Apps_Row">
        <include content="View_Row_Include">
            <param name="id">536</param>
            <param name="include">List_Apps_Row</param>
            <param name="viewtype_label">$LOCALIZE[31045] (S)</param>
            <param name="visible">$EXP[Exp_View_536]</param>
        </include>
    </include>
    
    <!-- Sign Row (Board (S))-->
    <include name="View_538_Sign_Row">
        <include content="View_Row_Include">
            <param name="id">538</param>
            <param name="include">List_Sign_Row</param>
            <param name="viewtype_label">$LOCALIZE[31424] (S)</param>
            <param name="visible">$EXP[Exp_View_538]</param>
        </include>
    </include>

    <!-- Row Template View -->
    <include name="View_Row_Include">
        <definition>
            <control type="group">
                <visible>Control.IsVisible($PARAM[id])</visible>
                <control type="group">
                    <include>Transitions_List_Visibility</include>
                    <include content="$PARAM[include]">
                        <param name="id">$PARAM[id]</param>
                        <height>divider_bottom</height>
                        <bottom>40</bottom>
                        <include content="Action_View_Movement_OnUp">
                            <param name="id">$PARAM[id]</param>
                        </include>
                        <include content="Action_View_Movement_OnLeftRight">
                            <param name="id">$PARAM[id]</param>
                            <param name="onback">[Integer.IsEqual(Container($PARAM[id]).CurrentItem,1)]</param>
                        </include>
                        <include content="Action_View_Movement_OnDown">
                            <param name="id">$PARAM[id]</param>
                        </include>
                        <pagecontrol>60</pagecontrol>
                        <visible>$PARAM[visible]</visible>
                        <viewtype label="$PARAM[viewtype_label]">wrap</viewtype>
                        <onfocus>ClearProperty(TMDbHelper.WidgetContainer)</onfocus>
                        <onfocus>ClearProperty(Background.ShowOverlay,Home)</onfocus>
                        <include>Action_View_SlideOver_OnFocus</include>
                        <include content="Object_HitRect">
                            <param name="x">view_side</param>
                            <param name="y">586</param>
                            <param name="w">1640</param>
                            <param name="h">view_poster_item_h</param>
                        </include>
                    </include>
                </control>
            </control>
        </definition>
    </include>
</includes>
