<?xml version="1.0" encoding="UTF-8"?>
<window>
    <views>50</views>
    <defaultcontrol always="true">50</defaultcontrol>
    <menucontrol>303</menucontrol>
    <include content="_Action_Blur_Onload">
        <param name="sourceimage">Art(fanart)|Property(fanart)|Art(profile)|Icon</param>
    </include>
    <controls>

        <include>Defs_Background_Loader</include>


        <include content="View_Bumper">
            <param name="groupid">50</param>
        </include>

        <include>Background_Main</include>
        <include>Background_Transition</include>

        <control type="group">
            <include>Animation_Group_Bumper</include>
            <include>Animation_View_WindowChange</include>
            <include>View_MediaWall</include>
            <include content="View_Row_Items">
                <param name="include_combinedviews">Items_Null</param>
                <param name="include_standardviews">View_Row_Items_FavouritesViews</param>
            </include>
            <include>View_Row_Info</include>
        </control>
        <include>View_Furniture_Edges</include>
        <include>View_Dialog_VideoPIP</include>
        <include>View_Dialog_Plot</include>

    </controls>
</window>
