<?xml version="1.0" encoding="UTF-8"?>
<window>
    <include>Animation_OSD_Fullscreen_Change</include>
    <onload>ClearProperty(OSDRelaunchFullscreen,Home)</onload>
    <onload>Dialog.Close(1175,force)</onload>
    <onunload>RunPlugin(plugin://script.skinvariables/?info=get_params_file&amp;&amp;special://skin/extras/filters/recent_type_trakt_stats.json)</onunload>            
    <onunload>RunPlugin(plugin://script.skinvariables/?info=get_params_file&amp;&amp;special://skin/extras/filters/recent_movie_trakt_stats.json)</onunload>            
    <onunload>RunPlugin(plugin://script.skinvariables/?info=get_params_file&amp;&amp;special://skin/extras/filters/recent_episode_trakt_stats.json)</onunload>        
    <controls>
        <include content="Background_Notification_Overlay" condition="!Skin.HasSetting(ToastNotifications.Tabbed)">
            <param name="colordiffuse">panel_bg_70</param>
            <param name="id">1</param>
        </include>
        <control type="grouplist" id="0">
            <orientation>vertical</orientation>
            <centertop>100</centertop>
            <height>120</height>
            <left>80</left>
            <include content="Overlay_InfoLabel">
                <param name="id">10</param>
                <textcolor>panel_fg_100</textcolor>
                <textoffsetx>10</textoffsetx>
                <font>font_mini</font>
            </include>
            <include content="Overlay_InfoLabel">
                <param name="id">11</param>
                <textcolor>panel_fg_100</textcolor>
                <textoffsetx>10</textoffsetx>
                <font>font_mini</font>
            </include>
            <include content="Overlay_InfoLabel">
                <param name="id">12</param>
                <textcolor>panel_fg_100</textcolor>
                <textoffsetx>10</textoffsetx>
                <font>font_mini</font>
            </include>
        </control>
    </controls>
</window>