<contents>
    <value name="widget_id">$MATH[5000 + {item_x} + 1]</value>
    <value name="widget_group_id">$MATH[5100 + {item_x} + 1]</value>
    <value name="widget_label">{item_label}</value>
    <value name="widget_sortby">{item_widget_sortby}</value>
    <value name="widget_limit">{item_widget_limit}</value>
    <value name="widget_visible">[String.IsEqual(Container(5097).ListItem.Property(guid),{item_guid}) | String.IsEmpty(Container(5097).ListItem.Property(guid))]</value>
    <value name="widget_altvisible">[[Control.HasFocus(9099) | ControlGroup(9090).HasFocus() | Control.HasFocus(5097)] + !String.IsEmpty(Control.GetLabel(9099).index(1)) + System.IdleTime(1) + !System.IdleTime(2)]</value>
    <rules name="widget_sortorder">
        <rule>
            <condition>{item_widget_sortorder}==True</condition>
            <value>descending</value>
        </rule>
        <rule>
            <condition>True</condition>
            <value>ascending</value>
        </rule>
    </rules>
    <rules name="widget_include">
        <rule>
            <condition>{item_widget_style}==Landscape</condition>
            <value>List_Landscape_Row</value>
        </rule>
        <rule>
            <condition>{item_widget_style}==Poster</condition>
            <value>List_Poster_Row</value>
        </rule>
        <rule>
            <condition>{item_widget_style}==Square</condition>
            <value>List_Square_Row</value>
        </rule>
        <rule>
            <condition>True</condition>
            <value>List_Landscape_Row</value>
        </rule>
    </rules>
    <rules name="widget_isautoscroll">
        <rule>
            <condition>{item_widget_autoscroll}==True</condition>
            <value>True</value>
        </rule>
        <rule>
            <condition>True</condition>
            <value>False</value>
        </rule>
    </rules>
</contents>