<contents>
    <value name="comments">Static Power Main Menu</value>
    <template>generator/data/parts/basic_include.xmltemplate</template>
    <value name="includes_name">skinvariables-powermainmenu-staticitems</value>
    <value name="includes_part">
        <items menu="powermainmenu">
            <item>
                <template>generator/data/parts/menu_item.xmltemplate</template>
                <datafile>generator/data/setup/onclick_path.xml</datafile>
                <datafile>generator/data/setup/powermainmenu_item.xml</datafile>
                <condition>{item_disabled}!=True</condition>
                <condition>{item_label}!=</condition>
                <value name="parts_additional">&lt;onclick condition="Window.IsActive(DialogButtonMenu.xml) | Window.IsVisible(1170)"&gt;Close&lt;/onclick&gt;</value>
            </item>
        </items>
    </value>
</contents>