<?xml version="1.0" encoding="UTF-8"?>
<includes>
    <!-- Defaults -->
    <variable name="Defs_PercentPlayed" containers="50,51,52,503,513,514,515,523,543,553,573" start="-20" end="20" types="listitem,listitemposition">
        <value condition="!Skin.HasSetting(Indicator.DisableEpisodes) + !String.IsEmpty({listitem}.Property(WatchedEpisodePercent)) + !Integer.IsEqual({listitem}.Property(WatchedEpisodePercent),0) + !Integer.IsEqual({listitem}.Property(WatchedEpisodePercent),100)">$INFO[{listitem}.Property(WatchedEpisodePercent)]</value>
        <value condition="!Skin.HasSetting(Indicator.DisableProgress) + !String.IsEmpty({listitem}.PercentPlayed) + [!Integer.IsEqual({listitem}.PercentPlayed,0) | {listitem}.IsResumable]">$INFO[{listitem}.PercentPlayed]</value>
        <value condition="!Skin.HasSetting(Indicator.DisableProgress) + !String.IsEmpty({listitem}.Property(WatchedProgress)) + !Integer.IsEqual({listitem}.Property(WatchedProgress),0) + !Integer.IsEqual({listitem}.Property(WatchedProgress),100)">$INFO[{listitem}.Property(WatchedProgress)]</value>
    </variable>
</includes>