<?xml version="1.0" encoding="UTF-8"?>
<includes>

    <constant name="objectwall_infodialog_simple_posy_0">0</constant>
    <constant name="objectwall_infodialog_simple_posy_1">80</constant>
    <constant name="objectwall_infodialog_simple_posy_2">160</constant>
    <constant name="objectwall_infodialog_simple_posy_3">240</constant>

    <constant name="objectwall_infodialog_simple_posx_0">0</constant>
    <constant name="objectwall_infodialog_simple_posx_1">420</constant>
    <constant name="objectwall_infodialog_simple_posx_2">840</constant>
    <constant name="objectwall_infodialog_simple_posx_3">1260</constant>

    <include name="ObjectWall_FixedList_Column">
        <param name="content">Layout_InfoDialog_Simple</param>
        <param name="container">Container(5003).</param>
        <param name="listitem">ListItemPosition</param>
        <param name="item_h">80</param>
        <param name="item_w">400</param>
        <param name="prefix">objectwall_infodialog_simple</param>
        <definition>
            <control type="group">
                <nested />
                <include content="$PARAM[content]">
                    <param name="item_h">$PARAM[item_h]</param>
                    <param name="item_w">$PARAM[item_w]</param>
                    <param name="listitem">$PARAM[container]$PARAM[listitem]($PARAM[pos_0])</param>
                    <visible>!String.IsEmpty($PARAM[container]$PARAM[listitem]($PARAM[pos_0]).CurrentItem)</visible>
                    <top>$PARAM[prefix]_posy_0</top>
                </include>
                <include content="$PARAM[content]">
                    <param name="item_h">$PARAM[item_h]</param>
                    <param name="item_w">$PARAM[item_w]</param>
                    <param name="listitem">$PARAM[container]$PARAM[listitem]($PARAM[pos_1])</param>
                    <visible>!String.IsEmpty($PARAM[container]$PARAM[listitem]($PARAM[pos_1]).CurrentItem)</visible>
                    <top>$PARAM[prefix]_posy_1</top>
                </include>
                <include content="$PARAM[content]">
                    <param name="item_h">$PARAM[item_h]</param>
                    <param name="item_w">$PARAM[item_w]</param>
                    <param name="listitem">$PARAM[container]$PARAM[listitem]($PARAM[pos_2])</param>
                    <visible>!String.IsEmpty($PARAM[container]$PARAM[listitem]($PARAM[pos_2]).CurrentItem)</visible>
                    <top>$PARAM[prefix]_posy_2</top>
                </include>
                <include content="$PARAM[content]">
                    <param name="item_h">$PARAM[item_h]</param>
                    <param name="item_w">$PARAM[item_w]</param>
                    <param name="listitem">$PARAM[container]$PARAM[listitem]($PARAM[pos_3])</param>
                    <visible>!String.IsEmpty($PARAM[container]$PARAM[listitem]($PARAM[pos_3]).CurrentItem)</visible>
                    <top>$PARAM[prefix]_posy_3</top>
                </include>
            </control>
        </definition>
    </include>

    <include name="ObjectWall_FixedList">
        <param name="content">Layout_InfoDialog_Simple</param>
        <param name="container">Container.</param>
        <param name="listitem">ListItemPosition</param>
        <param name="item_h">80</param>
        <param name="item_w">400</param>
        <param name="prefix">objectwall_infodialog_simple</param>
        <definition>
            <include content="ObjectWall_FixedList_Column">
                <param name="content">$PARAM[content]</param>
                <param name="container">$PARAM[container]</param>
                <param name="listitem">$PARAM[listitem]</param>
                <param name="item_h">$PARAM[item_h]</param>
                <param name="item_w">$PARAM[item_w]</param>
                <param name="prefix">$PARAM[prefix]</param>
                <param name="pos_0">0</param>
                <param name="pos_1">1</param>
                <param name="pos_2">2</param>
                <param name="pos_3">3</param>
                <left>$PARAM[prefix]_posx_0</left>
            </include>
            <include content="ObjectWall_FixedList_Column">
                <param name="content">$PARAM[content]</param>
                <param name="container">$PARAM[container]</param>
                <param name="listitem">$PARAM[listitem]</param>
                <param name="item_h">$PARAM[item_h]</param>
                <param name="item_w">$PARAM[item_w]</param>
                <param name="prefix">$PARAM[prefix]</param>
                <param name="pos_0">4</param>
                <param name="pos_1">5</param>
                <param name="pos_2">6</param>
                <param name="pos_3">7</param>
                <left>$PARAM[prefix]_posx_1</left>
            </include>
            <include content="ObjectWall_FixedList_Column">
                <param name="content">$PARAM[content]</param>
                <param name="container">$PARAM[container]</param>
                <param name="listitem">$PARAM[listitem]</param>
                <param name="item_h">$PARAM[item_h]</param>
                <param name="item_w">$PARAM[item_w]</param>
                <param name="prefix">$PARAM[prefix]</param>
                <param name="pos_0">8</param>
                <param name="pos_1">9</param>
                <param name="pos_2">10</param>
                <param name="pos_3">11</param>
                <left>$PARAM[prefix]_posx_2</left>
            </include>
            <include content="ObjectWall_FixedList_Column">
                <param name="content">$PARAM[content]</param>
                <param name="container">$PARAM[container]</param>
                <param name="listitem">$PARAM[listitem]</param>
                <param name="item_h">$PARAM[item_h]</param>
                <param name="item_w">$PARAM[item_w]</param>
                <param name="prefix">$PARAM[prefix]</param>
                <param name="pos_0">12</param>
                <param name="pos_1">13</param>
                <param name="pos_2">14</param>
                <param name="pos_3">15</param>
                <left>$PARAM[prefix]_posx_3</left>
            </include>
        </definition>
    </include>
</includes>