{
    "tvshowtitle": {"infolabels": ["tvshowtitle"]},
    "plot": {"infolabels": ["plot", "Property(artist_description)", "Property(album_description)", "addondescription"]},
    "tagline": {"infolabels": ["tagline"]},
    "year": {"infolabels": ["year", "Property(artist_yearsactive)"]},
    "premiered": {"infolabels": ["premiered"]},	
    "endtime": {"infolabels": ["endtime"]},
	"endtimeresume": {"infolabels": ["endtimeresume"]},
    "duration": {"infolabels": ["duration"]},
    "duration_h": {"infolabels": ["duration(h)"]},
    "duration_m": {"infolabels": ["duration(m)"]},
    "channelname": {"infolabels": ["channelname"]},
    "channelnumberlabel": {"infolabels": ["channelnumberlabel"]},
    "artist": {"infolabels": ["artist"]},
    "album": {"infolabels": ["album"]},
    "birthday": {"infolabels": ["Property(birthday)", "Property(artist_born)"]},
    "deathday": {"infolabels": ["Property(deathday)", "Property(artist_died)"]},
    "discnumber": {"infolabels": ["discnumber"]},
    "totaldiscs": {"infolabels": ["totaldiscs"]},
    "addontype": {"infolabels": ["addontype"]},
    "addonversion": {"infolabels": ["addonversion"]},
	"set": {"infolabels": ["set"]},
    "mpaa": {"infolabels": ["mpaa"]},
    "studio": {"infolabels": ["studio"], "function": "split"},
    "genre": {"infolabels": ["genre"], "function": "split"},
    "director": {"infolabels": ["director"], "function": "split"},
    "writer": {"infolabels": ["writer"], "function": "split"},
    "rating": {"infolabels": ["userrating", "rating"]},
    "poster": {"infolabels": ["Art(poster)", "Art(season.poster)", "Art(tvshow.poster)"]},
    "fanart": {"infolabels": ["Art(fanart)", "Art(season.fanart)", "Art(tvshow.fanart)", "Art(artist.fanart)", "Property(fanart)"]},
    "clearlogo": {"infolabels": ["Art(clearlogo)", "Art(season.clearlogo)", "Art(tvshow.clearlogo)", "Art(artist.clearlogo)"]},
    "videoresolution": {"infolabels": ["videoresolution"]},
    "hdrtype": {"infolabels": ["hdrtype"]},
    "audiochannels": {"infolabels": ["audiochannels"]},
	"audiocodec": {"infolabels": ["audiocodec"]},
	"hasvideoversions": {"infolabels": ["hasvideoversions"], "function": "boolean"},
	"iscollection": {"infolabels": ["iscollection"], "function": "boolean"},
	"playcount": {"infolabels": ["playcount"]},
	"lastplayed": {"infolabels": ["lastplayed"]},
	"dateadded": {"infolabels": ["dateadded"]},
	"filenameandpath": {"infolabels": ["filenameandpath"]},
	"starttime": {"infolabels": ["starttime"]}
}

