<?xml version="1.0" encoding="UTF-8"?>
<includes>

    <!-- 1728 x 1080 -->
    <constant name="view_touchmode_edge_r">0</constant>
    <constant name="view_board_movement">1</constant>
    <constant name="view_landscape_movement">2</constant>
    <constant name="view_card_movement">3</constant>
    <constant name="view_poster_movement">5</constant>
    <constant name="view_apps_movement">4</constant>

    <constant name="view_settings_itemlayout_w">402</constant>
    <constant name="-view_settings_itemlayout_w">-402</constant>
    <constant name="view_settings_item_w">362</constant>
    <constant name="-view_settings_item_w">-362</constant>

    <constant name="view_listwall_itemlayout_w">509.33</constant>
    <constant name="-view_listwall_itemlayout_w">-509.33</constant>

    <constant name="view_addonbrowser_itemlayout_w">566</constant>
    <constant name="-view_addonbrowser_itemlayout_w">-566</constant>
    <constant name="view_addonbrowser_item_w">424</constant>
    <constant name="-view_addonbrowser_item_w">-424</constant>

</includes>