<?xml version="1.0" encoding="UTF-8"?>
<window>
    <controls>
        <control type="group">
            <include content="Animation_Fade_Out">
                <param name="type">Hidden</param>
            </include>
            <visible>!Window.IsVisible(DialogPictureInfo.xml)</visible>
            <visible>!System.IdleTime(2)</visible>
            <visible>!Slideshow.IsActive</visible>
            <bottom>20</bottom>
            <height>20</height>
            <left>20</left>
            <right>20</right>
            <control type="label">
                <textcolor>main_fg_90</textcolor>
                <font>font_mini</font>
                <label>$INFO[Slideshow.SlideIndex]</label>
                <align>right</align>
            </control>
        </control>
    </controls>
</window>