{
    "folder": "1080i",
    "output": "script-skinvariables-generator-includes-{skinuser}.xml",
    "header": "<?xml version=\"1.0\" encoding=\"UTF-8\"?>\n<includes>",
    "footer": "</includes>",
    "buildv": "0.7.70",
    "skinid": "skin.arctic.fuse",
    "getnfo": {},
    "addnfo": {
        "values":
        {
            "sidemenu_id": "303"
        }
    },
    "global": {
        "parts_visible": {"template": "True"},
        "widget_include_condition": {"template": "True"},
        "widget_category_visible": {"template": "True"}
    },
    "genxml": [
        {"datafile": "generator/data/base/hubs_complex.xml"},
        {"datafile": "generator/data/base/hubs_extended.xml"},
        {"datafile": "generator/data/base/power_main.xml"},
        {"datafile": "generator/data/base/power_side.xml"},
        {"datafile": "generator/data/base/options_tray.xml"},
        {"datafile": "generator/data/base/side_items.xml"},
        {"datafile": "generator/data/base/side_spotlight.xml"},
        {"datafile": "generator/data/base/search_widgets.xml"},
		{"datafile": "generator/data/base/search_selector.xml"}
    ]
}



