<?xml version="1.0" encoding="UTF-8"?>
<colors>
    <!-- Dialogs -->
    <color name="dialog_nib">ffa3a5ae</color>
    <color name="dialog_overlay">b3f0f0f8</color>

    <color name="dialog_bg_100">ffededed</color>
    <color name="dialog_bg_90">e7ededed</color>
    <color name="dialog_bg_70">b3ededed</color>
    <color name="dialog_bg_30">4dededed</color>
    <color name="dialog_bg_12">1fededed</color>

    <color name="dialog_fg_100">ff181818</color>
    <color name="dialog_fg_90">e7181818</color>
    <color name="dialog_fg_70">b3181818</color>
    <color name="dialog_fg_30">4d181818</color>
    <color name="dialog_fg_12">1f181818</color>
	<color name="dialog_fg_06">0f181818</color>
</colors>
