<?xml version="1.0" encoding="UTF-8"?>
<window>
    <include content="Action_SettingsCategories_Onload">
        <param name="defaultcontrol">3</param>
    </include>
    <controls>

        <include content="Background_Main">
            <param name="plain_background">true</param>
        </include>
        <include content="Background_Transition">
            <param name="windowopen_condition">!$EXP[Exp_SettingsDialogs_Prev]</param>
            <param name="windowclose_condition">!$EXP[Exp_SettingsDialogs_Next]</param>
        </include>

        <include content="Settings_Dialog">
            <include content="Settings_Main_Group">
                <include content="Settings_Left_Group">
                    <include content="Settings_Left_Grouplist">
                        <param name="id">3</param>
                        <onleft>30000</onleft>
                        <!-- <onup>30032</onup> -->
                        
                        <!-- <ondown>-</ondown> -->
                        <include content="Settings_Button">
                            <param name="dialog">true</param>
                            <param name="id">94</param>
                            <param name="control">button</param>
                            <include>Texture_Highlight_ToggleButton_Settings</include>
                            <focusedcolor>$VAR[ColorSettingsToggleButtonText]</focusedcolor>
                            <width>settings_category_w</width>
                            <label>$LOCALIZE[154]</label>
                            <description>Storage</description>
                        </include>
                        <include content="Settings_Button">
                            <param name="dialog">true</param>
                            <param name="id">95</param>
                            <param name="control">button</param>
                            <include>Texture_Highlight_ToggleButton_Settings</include>
                            <focusedcolor>$VAR[ColorSettingsToggleButtonText]</focusedcolor>
                            <width>settings_category_w</width>
                            <label>$LOCALIZE[20037]</label>
                            <description>Summary</description>
                        </include>
                        <include content="Settings_Button">
                            <param name="dialog">true</param>
                            <param name="id">96</param>
                            <param name="control">button</param>
                            <include>Texture_Highlight_ToggleButton_Settings</include>
                            <focusedcolor>$VAR[ColorSettingsToggleButtonText]</focusedcolor>
                            <width>settings_category_w</width>
                            <label>$LOCALIZE[705]</label>
                            <description>Network</description>
                        </include>
                        <include content="Settings_Button">
                            <param name="dialog">true</param>
                            <param name="id">97</param>
                            <param name="control">button</param>
                            <include>Texture_Highlight_ToggleButton_Settings</include>
                            <focusedcolor>$VAR[ColorSettingsToggleButtonText]</focusedcolor>
                            <width>settings_category_w</width>
                            <label>$LOCALIZE[157]</label>
                            <description>Video</description>
                        </include>
                        <include content="Settings_Button">
                            <param name="dialog">true</param>
                            <param name="id">98</param>
                            <param name="control">button</param>
                            <include>Texture_Highlight_ToggleButton_Settings</include>
                            <focusedcolor>$VAR[ColorSettingsToggleButtonText]</focusedcolor>
                            <width>settings_category_w</width>
                            <label>$LOCALIZE[13281]</label>
                            <description>Hardware</description>
                        </include>
                        <include content="Settings_Button">
                            <param name="dialog">true</param>
                            <param name="id">99</param>
                            <param name="control">button</param>
                            <include>Texture_Highlight_ToggleButton_Settings</include>
                            <focusedcolor>$VAR[ColorSettingsToggleButtonText]</focusedcolor>
                            <width>settings_category_w</width>
                            <label>$LOCALIZE[31000]</label>
                            <description>Live TV / PVR</description>
                        </include>
                        <include content="Settings_Button">
                            <param name="dialog">true</param>
                            <param name="id">100</param>
                            <param name="control">button</param>
                            <include>Texture_Highlight_ToggleButton_Settings</include>
                            <focusedcolor>$VAR[ColorSettingsToggleButtonText]</focusedcolor>
                            <width>settings_category_w</width>
                            <label>$LOCALIZE[12389]</label>
                            <description>Privacy</description>
                        </include>
                    </include>
                </include>

                <include content="Settings_Right_Group">

                    <control type="group">
                        <top>20</top>
                        <bottom>20</bottom>
                        <include content="Settings_Label">
                            <param name="dialog">true</param>
                            <param name="control">label</param>
                            <param name="id">40</param>
                        </include>
                        <control type="group">
                            <control type="textbox" id="30">
                                <top>100</top>
                                <left>40</left>
                                <right>40</right>
                                <textcolor>dialog_fg_70</textcolor>
                                <font>font_main_plot</font>
                                <bottom>0</bottom>
                                <pagecontrol>61</pagecontrol>
                            </control>
                        </control>
                        <control type="grouplist" id="9001">
                            <top>80</top>
                            <onleft>30000</onleft>
                            <onright condition="Control.IsVisible(30)">61</onright>
                            <itemgap>2</itemgap>
                            <control type="group">
                                <top>20</top>
                                <visible>!Control.IsVisible(30)</visible>
                                <height>105</height>
                                <orientation>horizontal</orientation>
                                <left>40</left>
                                <right>40</right>
                                <control type="group">
                                    <left>0</left>
                                    <width>33%</width>
                                    <control type="group">
                                        <right>20</right>
                                        <control type="label">
                                            <height>40</height>
                                            <textcolor>dialog_fg_70</textcolor>
                                            <label fallback="19055">$INFO[system.memory(used.percent),Used memory: ,]</label>
                                        </control>
                                        <control type="group">
                                            <height>12</height>
                                            <top>60</top>
                                            <control type="progress" id="9201">
                                                <info>system.memory(used)</info>
                                                <texturebg colordiffuse="dialog_bg_12" border="6">progress/progress-bg.png</texturebg>
                                                <lefttexture colordiffuse="$VAR[ColorHighlight]" border="6">progress/progress-left.png</lefttexture>
                                                <midtexture colordiffuse="$VAR[ColorHighlight]" border="6">progress/progress-end.png</midtexture>
                                                <righttexture colordiffuse="$VAR[ColorHighlight]" border="6">progress/progress-right.png</righttexture>
                                            </control>
                                            <control type="progress">
                                                <info>system.memory(used)</info>
                                                <texturebg colordiffuse="00ffffff" border="6">progress/progress-bg.png</texturebg>
                                                <lefttexture colordiffuse="00ffffff" border="6">progress/progress-left.png</lefttexture>
                                                <midtexture colordiffuse="$VAR[ColorGradient]" border="6" diffuse="progress/diffuse.png">progress/progress-end.png</midtexture>
                                                <righttexture colordiffuse="$VAR[ColorGradient]" border="6" diffuse="progress/diffuse-end.png">progress/progress-right.png</righttexture>
                                                <include content="Defs_Progress_Colorfade">
                                                    <param name="id">9201</param>
                                                </include>
                                            </control>
                                        </control>
                                    </control>
                                </control>
                                <control type="group">
                                    <right>0</right>
                                    <width>67%</width>
                                    <control type="group">
                                        <left>20</left>
                                        <control type="label">
                                            <height>40</height>
                                            <textcolor>dialog_fg_70</textcolor>
                                            <label fallback="19055">$INFO[System.CPUUsage,$LOCALIZE[13271] ,]</label>
                                        </control>
                                        <control type="group">
                                            <height>12</height>
                                            <top>60</top>
                                            <control type="progress" id="9202">
                                                <info>System.CPUUsage</info>
                                                <texturebg colordiffuse="dialog_bg_12" border="6">progress/progress-bg.png</texturebg>
                                                <lefttexture colordiffuse="$VAR[ColorHighlight]" border="6">progress/progress-left.png</lefttexture>
                                                <midtexture colordiffuse="$VAR[ColorHighlight]" border="6">progress/progress-end.png</midtexture>
                                                <righttexture colordiffuse="$VAR[ColorHighlight]" border="6">progress/progress-right.png</righttexture>
                                            </control>
                                            <control type="progress">
                                                <info>System.CPUUsage</info>
                                                <texturebg colordiffuse="00ffffff" border="6">progress/progress-bg.png</texturebg>
                                                <lefttexture colordiffuse="00ffffff" border="6">progress/progress-left.png</lefttexture>
                                                <midtexture colordiffuse="$VAR[ColorGradient]" border="6" diffuse="progress/diffuse.png">progress/progress-end.png</midtexture>
                                                <righttexture colordiffuse="$VAR[ColorGradient]" border="6" diffuse="progress/diffuse-end.png">progress/progress-right.png</righttexture>
                                                <include content="Defs_Progress_Colorfade">
                                                    <param name="id">9202</param>
                                                </include>
                                            </control>
                                        </control>
                                    </control>
                                </control>
                            </control>
                            <control type="label" id="2">
                                <textcolor>dialog_fg_70</textcolor>
                                <textoffsetx>40</textoffsetx>
                                <height>40</height>
                            </control>
                            <control type="label" id="3">
                                <textcolor>dialog_fg_70</textcolor>
                                <textoffsetx>40</textoffsetx>
                                <height>40</height>
                            </control>
                            <control type="label" id="4">
                                <textcolor>dialog_fg_70</textcolor>
                                <textoffsetx>40</textoffsetx>
                                <height>40</height>
                            </control>
                            <control type="label" id="5">
                                <textcolor>dialog_fg_70</textcolor>
                                <textoffsetx>40</textoffsetx>
                                <height>40</height>
                            </control>
                            <control type="label" id="6">
                                <textcolor>dialog_fg_70</textcolor>
                                <textoffsetx>40</textoffsetx>
                                <height>40</height>
                            </control>
                            <control type="label" id="7">
                                <textcolor>dialog_fg_70</textcolor>
                                <textoffsetx>40</textoffsetx>
                                <height>40</height>
                            </control>
                            <control type="label" id="8">
                                <textcolor>dialog_fg_70</textcolor>
                                <textoffsetx>40</textoffsetx>
                                <height>40</height>
                            </control>
                            <control type="label" id="9">
                                <textcolor>dialog_fg_70</textcolor>
                                <textoffsetx>40</textoffsetx>
                                <height>40</height>
                            </control>
                            <control type="label" id="10">
                                <textcolor>dialog_fg_70</textcolor>
                                <textoffsetx>40</textoffsetx>
                                <height>40</height>
                            </control>
                            <control type="label" id="11">
                                <textcolor>dialog_fg_70</textcolor>
                                <textoffsetx>40</textoffsetx>
                                <height>40</height>
                            </control>
                        </control>
                    </control>
                </include>
                <include content="Settings_InfoText">
                    <param name="id">9931</param>
                    <param name="label">$INFO[Control.GetLabel(52),, ]$INFO[Control.GetLabel(53)]</param>
                    <param name="override">true</param>
                    <param name="dialog">true</param>
                    <param name="left">80</param>
                    <param name="bottom">60</param>
                </include>
            </include>

            <include content="Settings_Changer">
                <onup>3</onup>
            </include>
        </include>

        <include content="Object_Hidden_Button">
            <param name="id">52</param>
        </include>
        <include content="Object_Hidden_Button">
            <param name="id">53</param>
        </include>
    </controls>

</window>
